num	designation	kind	level	hp	minPhys	maxPhys	defBase	defRatePvm	atkRatePvm	maps
0	Bull Fighter	Monster	6	179	14	18	15	123	123	0:Lorencia(45,Automatic)
1	Hound	Monster	9	231	17	23	18	139	139	0:Lorencia(45,Automatic)
2	Budge Dragon	Monster	4	144	11	15	13	113	113	0:Lorencia(40,Automatic);0:Lorencia(20,Automatic)
3	Spider	Monster	2	110	9	12	11	103	103	0:Lorencia(45,Automatic)
4	Elite Bull Fighter	Monster	12	285	20	28	22	154	154	0:Lorencia(45,Automatic)
5	Hell Hound	Monster	38	1400	125	130	55	45	190	1:Dungeon(1,Automatic);1:Dungeon(1,Automatic);1:Dungeon(1,Automatic);1:Dungeon(1,Automatic);1:Dungeon(1,Automatic);1:Dungeon(1,Automatic);1:Dungeon(1,Automatic);1:Dungeon(1,Automatic);1:Dungeon(1,Automatic);1:Dungeon(1,Automatic);1:Dungeon(1,Automatic);1:Dungeon(1,Automatic);1:Dungeon(1,Automatic);1:Dungeon(1,Automatic);1:Dungeon(1,Automatic);1:Dungeon(1,Automatic);1:Dungeon(1,Automatic);1:Dungeon(1,Automatic);1:Dungeon(1,Automatic);1:Dungeon(1,Automatic);1:Dungeon(1,Automatic);1:Dungeon(1,Automatic);1:Dungeon(1,Automatic);1:Dungeon(1,Automatic);1:Dungeon(1,Automatic);1:Dungeon(1,Automatic);1:Dungeon(1,Automatic);1:Dungeon(1,Automatic);9:Devil Square 1(35,AutomaticDuringWave)
6	Lich	Monster	14	320	23	31	24	164	164	0:Lorencia(20,Automatic)
7	Giant	Monster	17	374	26	35	27	180	180	0:Lorencia(15,Automatic)
8	Poison Bull	Monster	46	2500	145	150	75	61	230	1:Dungeon(1,Automatic);1:Dungeon(1,Automatic);1:Dungeon(1,Automatic);1:Dungeon(1,Automatic);1:Dungeon(1,Automatic);1:Dungeon(1,Automatic);1:Dungeon(1,Automatic);1:Dungeon(1,Automatic);1:Dungeon(1,Automatic);1:Dungeon(1,Automatic);1:Dungeon(1,Automatic);1:Dungeon(1,Automatic);1:Dungeon(1,Automatic);1:Dungeon(1,Automatic);1:Dungeon(1,Automatic);1:Dungeon(1,Automatic);1:Dungeon(1,Automatic);1:Dungeon(1,Automatic);1:Dungeon(1,Automatic);1:Dungeon(1,Automatic);1:Dungeon(1,Automatic);1:Dungeon(1,Automatic);1:Dungeon(1,Automatic);1:Dungeon(1,Automatic);1:Dungeon(1,Automatic);1:Dungeon(1,Automatic);1:Dungeon(1,Automatic);1:Dungeon(1,Automatic);1:Dungeon(1,Automatic);1:Dungeon(1,Automatic);1:Dungeon(1,Automatic);1:Dungeon(1,Automatic);1:Dungeon(1,Automatic);1:Dungeon(1,Automatic);1:Dungeon(1,Automatic);1:Dungeon(1,Automatic);1:Dungeon(1,Automatic);1:Dungeon(1,Automatic);1:Dungeon(1,Automatic);1:Dungeon(1,Automatic);9:Devil Square 1(35,AutomaticDuringWave)
9	Thunder Lich	Monster	44	2000	140	145	70	55	220	1:Dungeon(1,Automatic);1:Dungeon(1,Automatic);1:Dungeon(1,Automatic);1:Dungeon(1,Automatic);1:Dungeon(1,Automatic);1:Dungeon(1,Automatic);1:Dungeon(1,Automatic);1:Dungeon(1,Automatic);1:Dungeon(1,Automatic);1:Dungeon(1,Automatic);1:Dungeon(1,Automatic);1:Dungeon(1,Automatic);1:Dungeon(1,Automatic);1:Dungeon(1,Automatic);1:Dungeon(1,Automatic);1:Dungeon(1,Automatic);1:Dungeon(1,Automatic);1:Dungeon(1,Automatic);1:Dungeon(1,Automatic);1:Dungeon(1,Automatic);1:Dungeon(1,Automatic);1:Dungeon(1,Automatic);1:Dungeon(1,Automatic);1:Dungeon(1,Automatic);1:Dungeon(1,Automatic);1:Dungeon(1,Automatic);1:Dungeon(1,Automatic);1:Dungeon(1,Automatic);1:Dungeon(1,Automatic);1:Dungeon(1,Automatic);1:Dungeon(1,Automatic);1:Dungeon(1,Automatic);1:Dungeon(1,Automatic);1:Dungeon(1,Automatic);1:Dungeon(1,Automatic);1:Dungeon(1,Automatic);1:Dungeon(1,Automatic);1:Dungeon(1,Automatic);1:Dungeon(1,Automatic);1:Dungeon(1,Automatic);1:Dungeon(1,Automatic);1:Dungeon(1,Automatic)
10	Dark Knight	Monster	48	3000	150	155	80	70	240	1:Dungeon(1,Automatic);1:Dungeon(1,Automatic);1:Dungeon(1,Automatic);1:Dungeon(1,Automatic);1:Dungeon(1,Automatic);1:Dungeon(1,Automatic);1:Dungeon(1,Automatic);1:Dungeon(1,Automatic);1:Dungeon(1,Automatic);1:Dungeon(1,Automatic);1:Dungeon(1,Automatic);1:Dungeon(1,Automatic);1:Dungeon(1,Automatic);1:Dungeon(1,Automatic);9:Devil Square 2(35,AutomaticDuringWave)
11	Ghost	Monster	32	1000	110	115	40	39	160	1:Dungeon(1,Automatic);1:Dungeon(1,Automatic);1:Dungeon(1,Automatic);1:Dungeon(1,Automatic);1:Dungeon(1,Automatic);1:Dungeon(1,Automatic);1:Dungeon(1,Automatic);1:Dungeon(1,Automatic);1:Dungeon(1,Automatic);1:Dungeon(1,Automatic);1:Dungeon(1,Automatic);1:Dungeon(1,Automatic);1:Dungeon(1,Automatic);1:Dungeon(1,Automatic);1:Dungeon(1,Automatic);1:Dungeon(1,Automatic);1:Dungeon(1,Automatic);1:Dungeon(1,Automatic);1:Dungeon(1,Automatic);1:Dungeon(1,Automatic);1:Dungeon(1,Automatic);1:Dungeon(1,Automatic);1:Dungeon(1,Automatic);1:Dungeon(1,Automatic);1:Dungeon(1,Automatic);1:Dungeon(1,Automatic);1:Dungeon(1,Automatic);1:Dungeon(1,Automatic);1:Dungeon(1,Automatic);1:Dungeon(1,Automatic);1:Dungeon(1,Automatic);1:Dungeon(1,Automatic);1:Dungeon(1,Automatic);1:Dungeon(1,Automatic);1:Dungeon(1,Automatic);1:Dungeon(1,Automatic);1:Dungeon(1,Automatic);1:Dungeon(1,Automatic);1:Dungeon(1,Automatic);1:Dungeon(1,Automatic);1:Dungeon(1,Automatic);1:Dungeon(1,Automatic);1:Dungeon(1,Automatic);1:Dungeon(1,Automatic);1:Dungeon(1,Automatic);1:Dungeon(1,Automatic);1:Dungeon(1,Automatic);1:Dungeon(1,Automatic);1:Dungeon(1,Automatic);1:Dungeon(1,Automatic);1:Dungeon(1,Automatic);1:Dungeon(1,Automatic);1:Dungeon(1,Automatic);1:Dungeon(1,Automatic);1:Dungeon(1,Automatic);1:Dungeon(1,Automatic);1:Dungeon(1,Automatic);1:Dungeon(1,Automatic);1:Dungeon(1,Automatic);1:Dungeon(1,Automatic);1:Dungeon(1,Automatic);1:Dungeon(1,Automatic);1:Dungeon(1,Automatic);1:Dungeon(1,Automatic);1:Dungeon(1,Automatic);1:Dungeon(1,Automatic);1:Dungeon(1,Automatic);1:Dungeon(1,Automatic);1:Dungeon(1,Automatic);1:Dungeon(1,Automatic);1:Dungeon(1,Automatic);1:Dungeon(1,Automatic);1:Dungeon(1,Automatic);1:Dungeon(1,Automatic);1:Dungeon(1,Automatic);1:Dungeon(1,Automatic);1:Dungeon(1,Automatic);1:Dungeon(1,Automatic);1:Dungeon(1,Automatic);1:Dungeon(1,Automatic);1:Dungeon(1,Automatic);1:Dungeon(1,Automatic);1:Dungeon(1,Automatic);1:Dungeon(1,Automatic);1:Dungeon(1,Automatic);1:Dungeon(1,Automatic);1:Dungeon(1,Automatic);1:Dungeon(1,Automatic);1:Dungeon(1,Automatic);1:Dungeon(1,Automatic);1:Dungeon(1,Automatic);1:Dungeon(1,Automatic);1:Dungeon(1,Automatic);1:Dungeon(1,Automatic);1:Dungeon(1,Automatic);1:Dungeon(1,Automatic);1:Dungeon(1,Automatic);1:Dungeon(1,Automatic);1:Dungeon(1,Automatic);1:Dungeon(1,Automatic);1:Dungeon(1,Automatic);1:Dungeon(1,Automatic);1:Dungeon(1,Automatic);1:Dungeon(1,Automatic);1:Dungeon(1,Automatic);1:Dungeon(1,Automatic);1:Dungeon(1,Automatic);1:Dungeon(1,Automatic);1:Dungeon(1,Automatic);1:Dungeon(1,Automatic);1:Dungeon(1,Automatic);1:Dungeon(1,Automatic);1:Dungeon(1,Automatic);1:Dungeon(1,Automatic)
12	Larva	Monster	25	750	90	95	31	31	125	1:Dungeon(1,Automatic);1:Dungeon(1,Automatic);1:Dungeon(1,Automatic);1:Dungeon(1,Automatic);1:Dungeon(1,Automatic);1:Dungeon(1,Automatic);1:Dungeon(1,Automatic);1:Dungeon(1,Automatic);1:Dungeon(1,Automatic);1:Dungeon(1,Automatic);1:Dungeon(1,Automatic);1:Dungeon(1,Automatic);1:Dungeon(1,Automatic);1:Dungeon(1,Automatic);1:Dungeon(1,Automatic);1:Dungeon(1,Automatic);1:Dungeon(1,Automatic);1:Dungeon(1,Automatic);1:Dungeon(1,Automatic);1:Dungeon(1,Automatic);1:Dungeon(1,Automatic);1:Dungeon(1,Automatic);1:Dungeon(1,Automatic);1:Dungeon(1,Automatic);1:Dungeon(1,Automatic);1:Dungeon(1,Automatic);1:Dungeon(1,Automatic);1:Dungeon(1,Automatic);1:Dungeon(1,Automatic);1:Dungeon(1,Automatic);1:Dungeon(1,Automatic);1:Dungeon(1,Automatic);1:Dungeon(1,Automatic);1:Dungeon(1,Automatic);1:Dungeon(1,Automatic);1:Dungeon(1,Automatic);1:Dungeon(1,Automatic);1:Dungeon(1,Automatic);1:Dungeon(1,Automatic);1:Dungeon(1,Automatic);1:Dungeon(1,Automatic);1:Dungeon(1,Automatic);1:Dungeon(1,Automatic);1:Dungeon(1,Automatic)
13	Hell Spider	Monster	40	1600	130	135	60	47	200	1:Dungeon(1,Automatic);1:Dungeon(1,Automatic);1:Dungeon(1,Automatic);1:Dungeon(1,Automatic);1:Dungeon(1,Automatic);1:Dungeon(1,Automatic);1:Dungeon(1,Automatic);1:Dungeon(1,Automatic);1:Dungeon(1,Automatic);1:Dungeon(1,Automatic);1:Dungeon(1,Automatic);1:Dungeon(1,Automatic);1:Dungeon(1,Automatic);1:Dungeon(1,Automatic);1:Dungeon(1,Automatic);1:Dungeon(1,Automatic);1:Dungeon(1,Automatic);1:Dungeon(1,Automatic);9:Devil Square 1(35,AutomaticDuringWave)
14	Skeleton Warrior	Monster	19	411	28	38	30	190	190	0:Lorencia(15,Automatic);1:Dungeon(1,Automatic);1:Dungeon(1,Automatic);1:Dungeon(1,Automatic);1:Dungeon(1,Automatic);1:Dungeon(1,Automatic);1:Dungeon(1,Automatic);1:Dungeon(1,Automatic);1:Dungeon(1,Automatic);1:Dungeon(1,Automatic);1:Dungeon(1,Automatic);1:Dungeon(1,Automatic);1:Dungeon(1,Automatic);1:Dungeon(1,Automatic);1:Dungeon(1,Automatic);1:Dungeon(1,Automatic);1:Dungeon(1,Automatic);1:Dungeon(1,Automatic);1:Dungeon(1,Automatic);1:Dungeon(1,Automatic);1:Dungeon(1,Automatic);1:Dungeon(1,Automatic);1:Dungeon(1,Automatic);1:Dungeon(1,Automatic);1:Dungeon(1,Automatic);1:Dungeon(1,Automatic);1:Dungeon(1,Automatic);1:Dungeon(1,Automatic);1:Dungeon(1,Automatic);1:Dungeon(1,Automatic);1:Dungeon(1,Automatic);1:Dungeon(1,Automatic);1:Dungeon(1,Automatic);1:Dungeon(1,Automatic);1:Dungeon(1,Automatic);1:Dungeon(1,Automatic);1:Dungeon(1,Automatic);1:Dungeon(1,Automatic);1:Dungeon(1,Automatic);1:Dungeon(1,Automatic);1:Dungeon(1,Automatic);1:Dungeon(1,Automatic);1:Dungeon(1,Automatic);1:Dungeon(1,Automatic);1:Dungeon(1,Automatic);1:Dungeon(1,Automatic);1:Dungeon(1,Automatic);1:Dungeon(1,Automatic);1:Dungeon(1,Automatic);1:Dungeon(1,Automatic);1:Dungeon(1,Automatic);1:Dungeon(1,Automatic);1:Dungeon(1,Automatic);1:Dungeon(1,Automatic);1:Dungeon(1,Automatic);1:Dungeon(1,Automatic);1:Dungeon(1,Automatic);1:Dungeon(1,Automatic);1:Dungeon(1,Automatic);1:Dungeon(1,Automatic);1:Dungeon(1,Automatic);1:Dungeon(1,Automatic);1:Dungeon(1,Automatic)
15	Skeleton Archer	Monster	34	1100	115	120	45	41	170	1:Dungeon(1,Automatic);1:Dungeon(1,Automatic);1:Dungeon(1,Automatic);1:Dungeon(1,Automatic);1:Dungeon(1,Automatic);1:Dungeon(1,Automatic);1:Dungeon(1,Automatic);1:Dungeon(1,Automatic);1:Dungeon(1,Automatic);1:Dungeon(1,Automatic);1:Dungeon(1,Automatic);1:Dungeon(1,Automatic);1:Dungeon(1,Automatic);1:Dungeon(1,Automatic);1:Dungeon(1,Automatic);1:Dungeon(1,Automatic);1:Dungeon(1,Automatic);1:Dungeon(1,Automatic);1:Dungeon(1,Automatic);1:Dungeon(1,Automatic);1:Dungeon(1,Automatic);1:Dungeon(1,Automatic);1:Dungeon(1,Automatic);1:Dungeon(1,Automatic);1:Dungeon(1,Automatic);1:Dungeon(1,Automatic);1:Dungeon(1,Automatic);1:Dungeon(1,Automatic);1:Dungeon(1,Automatic);1:Dungeon(1,Automatic);1:Dungeon(1,Automatic);1:Dungeon(1,Automatic);1:Dungeon(1,Automatic);1:Dungeon(1,Automatic);1:Dungeon(1,Automatic);1:Dungeon(1,Automatic);9:Devil Square 1(35,AutomaticDuringWave)
16	Elite Skeleton	Monster	42	1800	135	140	65	49	210	1:Dungeon(1,Automatic);1:Dungeon(1,Automatic);1:Dungeon(1,Automatic);1:Dungeon(1,Automatic);1:Dungeon(1,Automatic);1:Dungeon(1,Automatic);1:Dungeon(1,Automatic);1:Dungeon(1,Automatic);1:Dungeon(1,Automatic);1:Dungeon(1,Automatic);1:Dungeon(1,Automatic);1:Dungeon(1,Automatic);1:Dungeon(1,Automatic);1:Dungeon(1,Automatic);1:Dungeon(1,Automatic);1:Dungeon(1,Automatic);1:Dungeon(1,Automatic);1:Dungeon(1,Automatic);1:Dungeon(1,Automatic);1:Dungeon(1,Automatic);1:Dungeon(1,Automatic);1:Dungeon(1,Automatic);1:Dungeon(1,Automatic);1:Dungeon(1,Automatic);1:Dungeon(1,Automatic);1:Dungeon(1,Automatic);1:Dungeon(1,Automatic);1:Dungeon(1,Automatic);1:Dungeon(1,Automatic);1:Dungeon(1,Automatic);1:Dungeon(1,Automatic);1:Dungeon(1,Automatic);1:Dungeon(1,Automatic);1:Dungeon(1,Automatic);1:Dungeon(1,Automatic);1:Dungeon(1,Automatic);1:Dungeon(1,Automatic);1:Dungeon(1,Automatic);1:Dungeon(1,Automatic);1:Dungeon(1,Automatic);1:Dungeon(1,Automatic);1:Dungeon(1,Automatic);1:Dungeon(1,Automatic);1:Dungeon(1,Automatic)
17	Cyclops	Monster	28	850	100	105	35	35	140	1:Dungeon(1,Automatic);1:Dungeon(1,Automatic);1:Dungeon(1,Automatic);1:Dungeon(1,Automatic);1:Dungeon(1,Automatic);1:Dungeon(1,Automatic);1:Dungeon(1,Automatic);1:Dungeon(1,Automatic);1:Dungeon(1,Automatic);1:Dungeon(1,Automatic);1:Dungeon(1,Automatic);1:Dungeon(1,Automatic);1:Dungeon(1,Automatic);1:Dungeon(1,Automatic);1:Dungeon(1,Automatic);1:Dungeon(1,Automatic);1:Dungeon(1,Automatic);1:Dungeon(1,Automatic);1:Dungeon(1,Automatic);1:Dungeon(1,Automatic);1:Dungeon(1,Automatic);1:Dungeon(1,Automatic);1:Dungeon(1,Automatic);1:Dungeon(1,Automatic);1:Dungeon(1,Automatic);1:Dungeon(1,Automatic);1:Dungeon(1,Automatic);1:Dungeon(1,Automatic);1:Dungeon(1,Automatic);1:Dungeon(1,Automatic);1:Dungeon(1,Automatic);1:Dungeon(1,Automatic);1:Dungeon(1,Automatic);1:Dungeon(1,Automatic);1:Dungeon(1,Automatic);1:Dungeon(1,Automatic);1:Dungeon(1,Automatic);1:Dungeon(1,Automatic);1:Dungeon(1,Automatic);1:Dungeon(1,Automatic);1:Dungeon(1,Automatic);1:Dungeon(1,Automatic);1:Dungeon(1,Automatic);1:Dungeon(1,Automatic);1:Dungeon(1,Automatic);1:Dungeon(1,Automatic);1:Dungeon(1,Automatic);1:Dungeon(1,Automatic);1:Dungeon(1,Automatic);1:Dungeon(1,Automatic);1:Dungeon(1,Automatic);1:Dungeon(1,Automatic);1:Dungeon(1,Automatic);1:Dungeon(1,Automatic);1:Dungeon(1,Automatic);1:Dungeon(1,Automatic);1:Dungeon(1,Automatic);1:Dungeon(1,Automatic);1:Dungeon(1,Automatic);1:Dungeon(1,Automatic);1:Dungeon(1,Automatic);1:Dungeon(1,Automatic);9:Devil Square 1(35,AutomaticDuringWave)
18	Gorgon	Monster	55	6000	165	175	100	82	275	1:Dungeon(1,Automatic);1:Dungeon(1,Automatic);1:Dungeon(1,Automatic);1:Dungeon(1,Automatic);1:Dungeon(1,Automatic);1:Dungeon(1,Automatic);1:Dungeon(1,Automatic);1:Dungeon(1,Automatic);9:Devil Square 1(5,OnceAtWaveStart)
19	Yeti	Monster	30	900	105	110	37	37	150	-
20	Elite Yeti	Monster	36	1200	120	125	50	43	180	2:Devias(10,Automatic);2:Devias(10,Automatic);2:Devias(15,Automatic);2:Devias(200,Automatic)
21	Assassin	Monster	26	800	95	100	33	33	130	2:Devias(35,Automatic)
22	Ice Monster	Monster	22	650	80	85	27	27	110	2:Devias(75,Automatic)
23	Hommerd	Monster	24	700	85	90	29	29	120	2:Devias(75,Automatic)
24	Worm	Monster	20	600	75	80	25	25	100	2:Devias(65,Automatic)
25	Ice Queen	Monster	52	4000	155	165	90	76	260	2:Devias(75,Automatic)
26	Goblin	Monster	3	110	9	12	11	103	103	3:Noria(155,Automatic)
27	Chain Scorpion	Monster	5	149	12	16	13	115	115	3:Noria(125,Automatic)
28	Beetle Monster	Monster	10	248	18	24	19	144	144	3:Noria(125,Automatic)
29	Hunter	Monster	13	308	22	30	23	161	161	3:Noria(125,Automatic)
30	Forest Monster	Monster	15	349	25	33	26	173	173	3:Noria(125,Automatic)
31	Agon	Monster	16	369	26	35	27	178	178	3:Noria(125,Automatic)
32	Stone Golem	Monster	18	411	28	38	30	190	190	3:Noria(100,Automatic)
33	Elite Goblin	Monster	8	208	16	21	17	132	132	3:Noria(125,Automatic)
34	Cursed Wizard	Monster	54	4000	160	170	95	80	270	4:Lost Tower(1,Automatic);4:Lost Tower(1,Automatic);4:Lost Tower(1,Automatic);4:Lost Tower(1,Automatic);4:Lost Tower(1,Automatic);4:Lost Tower(1,Automatic);4:Lost Tower(1,Automatic);4:Lost Tower(1,Automatic);4:Lost Tower(1,Automatic);4:Lost Tower(1,Automatic);4:Lost Tower(1,Automatic);4:Lost Tower(1,Automatic);4:Lost Tower(1,Automatic);4:Lost Tower(1,Automatic);4:Lost Tower(1,Automatic);4:Lost Tower(1,Automatic);4:Lost Tower(1,Automatic);4:Lost Tower(1,Automatic);4:Lost Tower(1,Automatic);4:Lost Tower(1,Automatic);4:Lost Tower(1,Automatic);4:Lost Tower(1,Automatic);4:Lost Tower(1,Automatic);4:Lost Tower(1,Automatic);4:Lost Tower(1,Automatic);4:Lost Tower(1,Automatic);4:Lost Tower(1,Automatic);4:Lost Tower(1,Automatic);4:Lost Tower(1,Automatic);4:Lost Tower(1,Automatic);4:Lost Tower(1,Automatic);4:Lost Tower(1,Automatic);4:Lost Tower(1,Automatic);4:Lost Tower(1,Automatic);4:Lost Tower(1,Automatic);4:Lost Tower(1,Automatic);4:Lost Tower(1,Automatic);4:Lost Tower(1,Automatic);4:Lost Tower(1,Automatic);4:Lost Tower(1,Automatic);4:Lost Tower(1,Automatic);4:Lost Tower(1,Automatic);4:Lost Tower(1,Automatic);4:Lost Tower(1,Automatic);4:Lost Tower(1,Automatic);4:Lost Tower(1,Automatic);4:Lost Tower(1,Automatic);4:Lost Tower(1,Automatic);4:Lost Tower(1,Automatic);9:Devil Square 2(35,AutomaticDuringWave)
35	Death Gorgon	Monster	64	6000	200	210	130	94	320	4:Lost Tower(1,Automatic);4:Lost Tower(1,Automatic);4:Lost Tower(1,Automatic);4:Lost Tower(1,Automatic);4:Lost Tower(1,Automatic);4:Lost Tower(1,Automatic);4:Lost Tower(1,Automatic);4:Lost Tower(1,Automatic);4:Lost Tower(1,Automatic);4:Lost Tower(1,Automatic);4:Lost Tower(1,Automatic);4:Lost Tower(1,Automatic);4:Lost Tower(1,Automatic);4:Lost Tower(1,Automatic);4:Lost Tower(1,Automatic);4:Lost Tower(1,Automatic);4:Lost Tower(1,Automatic);4:Lost Tower(1,Automatic);4:Lost Tower(1,Automatic);4:Lost Tower(1,Automatic);4:Lost Tower(1,Automatic);4:Lost Tower(1,Automatic);4:Lost Tower(1,Automatic);4:Lost Tower(1,Automatic);4:Lost Tower(1,Automatic);4:Lost Tower(1,Automatic);4:Lost Tower(1,Automatic);4:Lost Tower(1,Automatic);4:Lost Tower(1,Automatic);4:Lost Tower(1,Automatic);4:Lost Tower(1,Automatic);4:Lost Tower(1,Automatic);4:Lost Tower(1,Automatic);4:Lost Tower(1,Automatic);4:Lost Tower(1,Automatic);4:Lost Tower(1,Automatic);4:Lost Tower(1,Automatic);4:Lost Tower(1,Automatic);4:Lost Tower(1,Automatic);4:Lost Tower(1,Automatic);4:Lost Tower(1,Automatic);4:Lost Tower(1,Automatic);4:Lost Tower(1,Automatic);4:Lost Tower(1,Automatic);4:Lost Tower(1,Automatic);4:Lost Tower(1,Automatic);4:Lost Tower(1,Automatic);4:Lost Tower(1,Automatic);4:Lost Tower(1,Automatic);4:Lost Tower(1,Automatic);4:Lost Tower(1,Automatic);4:Lost Tower(1,Automatic);4:Lost Tower(1,Automatic);4:Lost Tower(1,Automatic);4:Lost Tower(1,Automatic);4:Lost Tower(1,Automatic);4:Lost Tower(1,Automatic);4:Lost Tower(1,Automatic);4:Lost Tower(1,Automatic);4:Lost Tower(1,Automatic);4:Lost Tower(1,Automatic);9:Devil Square 2(35,AutomaticDuringWave);9:Devil Square 3(35,AutomaticDuringWave)
36	Shadow	Monster	47	2800	148	153	78	67	235	4:Lost Tower(1,Automatic);4:Lost Tower(1,Automatic);4:Lost Tower(1,Automatic);4:Lost Tower(1,Automatic);4:Lost Tower(1,Automatic);4:Lost Tower(1,Automatic);4:Lost Tower(1,Automatic);4:Lost Tower(1,Automatic);4:Lost Tower(1,Automatic);4:Lost Tower(1,Automatic);4:Lost Tower(1,Automatic);4:Lost Tower(1,Automatic);4:Lost Tower(1,Automatic);4:Lost Tower(1,Automatic);4:Lost Tower(1,Automatic);4:Lost Tower(1,Automatic);4:Lost Tower(1,Automatic);4:Lost Tower(1,Automatic);4:Lost Tower(1,Automatic);4:Lost Tower(1,Automatic);4:Lost Tower(1,Automatic);4:Lost Tower(1,Automatic);4:Lost Tower(1,Automatic);4:Lost Tower(1,Automatic);4:Lost Tower(1,Automatic);4:Lost Tower(1,Automatic);4:Lost Tower(1,Automatic);4:Lost Tower(1,Automatic);4:Lost Tower(1,Automatic);4:Lost Tower(1,Automatic);4:Lost Tower(1,Automatic);4:Lost Tower(1,Automatic);4:Lost Tower(1,Automatic);4:Lost Tower(1,Automatic);4:Lost Tower(1,Automatic);4:Lost Tower(1,Automatic);4:Lost Tower(1,Automatic);4:Lost Tower(1,Automatic);4:Lost Tower(1,Automatic);4:Lost Tower(1,Automatic);4:Lost Tower(1,Automatic);4:Lost Tower(1,Automatic);4:Lost Tower(1,Automatic);4:Lost Tower(1,Automatic);4:Lost Tower(1,Automatic);4:Lost Tower(1,Automatic);4:Lost Tower(1,Automatic);4:Lost Tower(1,Automatic);4:Lost Tower(1,Automatic);4:Lost Tower(1,Automatic);4:Lost Tower(1,Automatic);4:Lost Tower(1,Automatic);4:Lost Tower(1,Automatic);4:Lost Tower(1,Automatic);4:Lost Tower(1,Automatic);4:Lost Tower(1,Automatic);4:Lost Tower(1,Automatic);4:Lost Tower(1,Automatic);4:Lost Tower(1,Automatic);4:Lost Tower(1,Automatic);4:Lost Tower(1,Automatic);4:Lost Tower(1,Automatic);4:Lost Tower(1,Automatic);4:Lost Tower(1,Automatic);4:Lost Tower(1,Automatic);4:Lost Tower(1,Automatic);4:Lost Tower(1,Automatic);4:Lost Tower(1,Automatic);4:Lost Tower(1,Automatic);4:Lost Tower(1,Automatic);4:Lost Tower(1,Automatic);4:Lost Tower(1,Automatic);9:Devil Square 1(35,AutomaticDuringWave)
37	Devil	Monster	60	5000	180	195	115	88	300	4:Lost Tower(1,Automatic);4:Lost Tower(1,Automatic);4:Lost Tower(1,Automatic);4:Lost Tower(1,Automatic);4:Lost Tower(1,Automatic);4:Lost Tower(1,Automatic);4:Lost Tower(1,Automatic);4:Lost Tower(1,Automatic);4:Lost Tower(1,Automatic);4:Lost Tower(1,Automatic);4:Lost Tower(1,Automatic);4:Lost Tower(1,Automatic);4:Lost Tower(1,Automatic);4:Lost Tower(1,Automatic);4:Lost Tower(1,Automatic);4:Lost Tower(1,Automatic);4:Lost Tower(1,Automatic);4:Lost Tower(1,Automatic);4:Lost Tower(1,Automatic);4:Lost Tower(1,Automatic);4:Lost Tower(1,Automatic);4:Lost Tower(1,Automatic);4:Lost Tower(1,Automatic);4:Lost Tower(1,Automatic);4:Lost Tower(1,Automatic);4:Lost Tower(1,Automatic);4:Lost Tower(1,Automatic);4:Lost Tower(1,Automatic);4:Lost Tower(1,Automatic);4:Lost Tower(1,Automatic);4:Lost Tower(1,Automatic);4:Lost Tower(1,Automatic);4:Lost Tower(1,Automatic);4:Lost Tower(1,Automatic);4:Lost Tower(1,Automatic);4:Lost Tower(1,Automatic);4:Lost Tower(1,Automatic);4:Lost Tower(1,Automatic);4:Lost Tower(1,Automatic);4:Lost Tower(1,Automatic);4:Lost Tower(1,Automatic);4:Lost Tower(1,Automatic);4:Lost Tower(1,Automatic);4:Lost Tower(1,Automatic);4:Lost Tower(1,Automatic);4:Lost Tower(1,Automatic);4:Lost Tower(1,Automatic);4:Lost Tower(1,Automatic);4:Lost Tower(1,Automatic);4:Lost Tower(1,Automatic);4:Lost Tower(1,Automatic);4:Lost Tower(1,Automatic);4:Lost Tower(1,Automatic);4:Lost Tower(1,Automatic);9:Devil Square 3(35,AutomaticDuringWave)
38	Balrog	Monster	66	9000	220	240	160	99	330	4:Lost Tower(1,Automatic);4:Lost Tower(1,Automatic)
39	Poison Shadow	Monster	50	3500	155	160	85	73	250	4:Lost Tower(1,Automatic);4:Lost Tower(1,Automatic);4:Lost Tower(1,Automatic);4:Lost Tower(1,Automatic);4:Lost Tower(1,Automatic);4:Lost Tower(1,Automatic);4:Lost Tower(1,Automatic);4:Lost Tower(1,Automatic);4:Lost Tower(1,Automatic);4:Lost Tower(1,Automatic);4:Lost Tower(1,Automatic);4:Lost Tower(1,Automatic);4:Lost Tower(1,Automatic);4:Lost Tower(1,Automatic);4:Lost Tower(1,Automatic);4:Lost Tower(1,Automatic);4:Lost Tower(1,Automatic);4:Lost Tower(1,Automatic);4:Lost Tower(1,Automatic);4:Lost Tower(1,Automatic);4:Lost Tower(1,Automatic);4:Lost Tower(1,Automatic);4:Lost Tower(1,Automatic);4:Lost Tower(1,Automatic);4:Lost Tower(1,Automatic);4:Lost Tower(1,Automatic);4:Lost Tower(1,Automatic);4:Lost Tower(1,Automatic);4:Lost Tower(1,Automatic);4:Lost Tower(1,Automatic);4:Lost Tower(1,Automatic);4:Lost Tower(1,Automatic);4:Lost Tower(1,Automatic);4:Lost Tower(1,Automatic);4:Lost Tower(1,Automatic);4:Lost Tower(1,Automatic);4:Lost Tower(1,Automatic);4:Lost Tower(1,Automatic);4:Lost Tower(1,Automatic);4:Lost Tower(1,Automatic);4:Lost Tower(1,Automatic);4:Lost Tower(1,Automatic);4:Lost Tower(1,Automatic);4:Lost Tower(1,Automatic);4:Lost Tower(1,Automatic);4:Lost Tower(1,Automatic);4:Lost Tower(1,Automatic);4:Lost Tower(1,Automatic);4:Lost Tower(1,Automatic);4:Lost Tower(1,Automatic);4:Lost Tower(1,Automatic);4:Lost Tower(1,Automatic);4:Lost Tower(1,Automatic);4:Lost Tower(1,Automatic);4:Lost Tower(1,Automatic);4:Lost Tower(1,Automatic);4:Lost Tower(1,Automatic);4:Lost Tower(1,Automatic);4:Lost Tower(1,Automatic);4:Lost Tower(1,Automatic);4:Lost Tower(1,Automatic);4:Lost Tower(1,Automatic);4:Lost Tower(1,Automatic);4:Lost Tower(1,Automatic);4:Lost Tower(1,Automatic);4:Lost Tower(1,Automatic);4:Lost Tower(1,Automatic);4:Lost Tower(1,Automatic);4:Lost Tower(1,Automatic);4:Lost Tower(1,Automatic);4:Lost Tower(1,Automatic);4:Lost Tower(1,Automatic);4:Lost Tower(1,Automatic);4:Lost Tower(1,Automatic);4:Lost Tower(1,Automatic);4:Lost Tower(1,Automatic);4:Lost Tower(1,Automatic);4:Lost Tower(1,Automatic);4:Lost Tower(1,Automatic);4:Lost Tower(1,Automatic);4:Lost Tower(1,Automatic);4:Lost Tower(1,Automatic);4:Lost Tower(1,Automatic);4:Lost Tower(1,Automatic);4:Lost Tower(1,Automatic);4:Lost Tower(1,Automatic);4:Lost Tower(1,Automatic);9:Devil Square 2(35,AutomaticDuringWave)
40	Death Knight	Monster	62	5500	190	200	120	91	310	4:Lost Tower(1,Automatic);4:Lost Tower(1,Automatic);4:Lost Tower(1,Automatic);4:Lost Tower(1,Automatic);4:Lost Tower(1,Automatic);4:Lost Tower(1,Automatic);4:Lost Tower(1,Automatic);4:Lost Tower(1,Automatic);4:Lost Tower(1,Automatic);4:Lost Tower(1,Automatic);4:Lost Tower(1,Automatic);4:Lost Tower(1,Automatic);4:Lost Tower(1,Automatic);4:Lost Tower(1,Automatic);4:Lost Tower(1,Automatic);4:Lost Tower(1,Automatic);4:Lost Tower(1,Automatic);4:Lost Tower(1,Automatic);4:Lost Tower(1,Automatic);4:Lost Tower(1,Automatic);4:Lost Tower(1,Automatic);4:Lost Tower(1,Automatic);4:Lost Tower(1,Automatic);4:Lost Tower(1,Automatic);4:Lost Tower(1,Automatic);4:Lost Tower(1,Automatic);4:Lost Tower(1,Automatic);4:Lost Tower(1,Automatic);4:Lost Tower(1,Automatic);4:Lost Tower(1,Automatic);4:Lost Tower(1,Automatic);4:Lost Tower(1,Automatic);4:Lost Tower(1,Automatic);4:Lost Tower(1,Automatic);4:Lost Tower(1,Automatic);4:Lost Tower(1,Automatic);4:Lost Tower(1,Automatic);4:Lost Tower(1,Automatic);4:Lost Tower(1,Automatic);4:Lost Tower(1,Automatic);4:Lost Tower(1,Automatic);4:Lost Tower(1,Automatic);4:Lost Tower(1,Automatic);4:Lost Tower(1,Automatic);4:Lost Tower(1,Automatic);4:Lost Tower(1,Automatic);4:Lost Tower(1,Automatic);4:Lost Tower(1,Automatic);4:Lost Tower(1,Automatic);4:Lost Tower(1,Automatic);4:Lost Tower(1,Automatic);4:Lost Tower(1,Automatic);4:Lost Tower(1,Automatic);4:Lost Tower(1,Automatic);4:Lost Tower(1,Automatic);4:Lost Tower(1,Automatic);4:Lost Tower(1,Automatic);4:Lost Tower(1,Automatic);4:Lost Tower(1,Automatic);4:Lost Tower(1,Automatic);4:Lost Tower(1,Automatic);4:Lost Tower(1,Automatic);4:Lost Tower(1,Automatic);4:Lost Tower(1,Automatic);4:Lost Tower(1,Automatic);4:Lost Tower(1,Automatic);4:Lost Tower(1,Automatic);4:Lost Tower(1,Automatic);4:Lost Tower(1,Automatic);4:Lost Tower(1,Automatic);4:Lost Tower(1,Automatic);4:Lost Tower(1,Automatic);9:Devil Square 2(35,AutomaticDuringWave)
41	Death Cow	Monster	57	4500	170	180	110	85	285	4:Lost Tower(1,Automatic);4:Lost Tower(1,Automatic);4:Lost Tower(1,Automatic);4:Lost Tower(1,Automatic);4:Lost Tower(1,Automatic);4:Lost Tower(1,Automatic);4:Lost Tower(1,Automatic);4:Lost Tower(1,Automatic);4:Lost Tower(1,Automatic);4:Lost Tower(1,Automatic);4:Lost Tower(1,Automatic);4:Lost Tower(1,Automatic);4:Lost Tower(1,Automatic);4:Lost Tower(1,Automatic);4:Lost Tower(1,Automatic);4:Lost Tower(1,Automatic);4:Lost Tower(1,Automatic);4:Lost Tower(1,Automatic);4:Lost Tower(1,Automatic);4:Lost Tower(1,Automatic);4:Lost Tower(1,Automatic);4:Lost Tower(1,Automatic);4:Lost Tower(1,Automatic);4:Lost Tower(1,Automatic);4:Lost Tower(1,Automatic);4:Lost Tower(1,Automatic);4:Lost Tower(1,Automatic);4:Lost Tower(1,Automatic);4:Lost Tower(1,Automatic);4:Lost Tower(1,Automatic);4:Lost Tower(1,Automatic);4:Lost Tower(1,Automatic);4:Lost Tower(1,Automatic);4:Lost Tower(1,Automatic);4:Lost Tower(1,Automatic);4:Lost Tower(1,Automatic);4:Lost Tower(1,Automatic);4:Lost Tower(1,Automatic);4:Lost Tower(1,Automatic);4:Lost Tower(1,Automatic);4:Lost Tower(1,Automatic);4:Lost Tower(1,Automatic);4:Lost Tower(1,Automatic);4:Lost Tower(1,Automatic);4:Lost Tower(1,Automatic);4:Lost Tower(1,Automatic);4:Lost Tower(1,Automatic);4:Lost Tower(1,Automatic);4:Lost Tower(1,Automatic);4:Lost Tower(1,Automatic);4:Lost Tower(1,Automatic);9:Devil Square 2(35,AutomaticDuringWave);9:Devil Square 3(35,AutomaticDuringWave)
43	Golden Budge Dragon	Monster	15	2500	120	125	45	30	75	-
44	Red Dragon	Monster	47	15000	190	210	120	88	400	-
45	Bahamut	Monster	43	2400	130	140	65	52	215	7:Atlans(1,Automatic);7:Atlans(1,Automatic);7:Atlans(1,Automatic);7:Atlans(1,Automatic);7:Atlans(1,Automatic);7:Atlans(1,Automatic);7:Atlans(1,Automatic);7:Atlans(1,Automatic);7:Atlans(1,Automatic);7:Atlans(1,Automatic);7:Atlans(1,Automatic);7:Atlans(1,Automatic);7:Atlans(1,Automatic);7:Atlans(1,Automatic);7:Atlans(1,Automatic);7:Atlans(1,Automatic);7:Atlans(1,Automatic);7:Atlans(1,Automatic);7:Atlans(1,Automatic);7:Atlans(1,Automatic);7:Atlans(1,Automatic);7:Atlans(1,Automatic);7:Atlans(1,Automatic);7:Atlans(1,Automatic);7:Atlans(1,Automatic);7:Atlans(1,Automatic);7:Atlans(1,Automatic);7:Atlans(1,Automatic);7:Atlans(1,Automatic)
46	Vepar	Monster	45	2800	135	145	70	58	225	7:Atlans(1,Automatic);7:Atlans(1,Automatic);7:Atlans(1,Automatic);7:Atlans(1,Automatic);7:Atlans(1,Automatic);7:Atlans(1,Automatic);7:Atlans(1,Automatic);7:Atlans(1,Automatic);7:Atlans(1,Automatic);7:Atlans(1,Automatic);7:Atlans(1,Automatic);7:Atlans(1,Automatic);7:Atlans(1,Automatic);7:Atlans(1,Automatic);7:Atlans(1,Automatic);7:Atlans(1,Automatic);7:Atlans(1,Automatic);7:Atlans(1,Automatic);7:Atlans(1,Automatic);7:Atlans(1,Automatic);7:Atlans(1,Automatic);7:Atlans(1,Automatic);7:Atlans(1,Automatic);7:Atlans(1,Automatic);7:Atlans(1,Automatic);7:Atlans(1,Automatic);7:Atlans(1,Automatic);7:Atlans(1,Automatic);7:Atlans(1,Automatic);7:Atlans(1,Automatic);7:Atlans(1,Automatic);7:Atlans(1,Automatic);7:Atlans(1,Automatic);7:Atlans(1,Automatic);7:Atlans(1,Automatic);7:Atlans(1,Automatic);7:Atlans(1,Automatic);7:Atlans(1,Automatic);7:Atlans(1,Automatic);7:Atlans(1,Automatic);7:Atlans(1,Automatic);7:Atlans(1,Automatic);7:Atlans(1,Automatic);7:Atlans(1,Automatic);7:Atlans(1,Automatic)
47	Valkyrie	Monster	46	3200	140	150	75	64	230	7:Atlans(1,Automatic);7:Atlans(1,Automatic);7:Atlans(1,Automatic);7:Atlans(1,Automatic);7:Atlans(1,Automatic);7:Atlans(1,Automatic);7:Atlans(1,Automatic);7:Atlans(1,Automatic);7:Atlans(1,Automatic);7:Atlans(1,Automatic);7:Atlans(1,Automatic);7:Atlans(1,Automatic);7:Atlans(1,Automatic);7:Atlans(1,Automatic);7:Atlans(1,Automatic);7:Atlans(1,Automatic);7:Atlans(1,Automatic);7:Atlans(1,Automatic);7:Atlans(1,Automatic);7:Atlans(1,Automatic);7:Atlans(1,Automatic);7:Atlans(1,Automatic);7:Atlans(1,Automatic);7:Atlans(1,Automatic);7:Atlans(1,Automatic);7:Atlans(1,Automatic);7:Atlans(1,Automatic);7:Atlans(1,Automatic);7:Atlans(1,Automatic);7:Atlans(1,Automatic);7:Atlans(1,Automatic);7:Atlans(1,Automatic);7:Atlans(1,Automatic);7:Atlans(1,Automatic);7:Atlans(1,Automatic);7:Atlans(1,Automatic);7:Atlans(1,Automatic);7:Atlans(1,Automatic);7:Atlans(1,Automatic);7:Atlans(1,Automatic);7:Atlans(1,Automatic);7:Atlans(1,Automatic);7:Atlans(1,Automatic)
48	Lizard King	Monster	70	9000	240	270	180	115	350	7:Atlans(1,Automatic);7:Atlans(1,Automatic);7:Atlans(1,Automatic);7:Atlans(1,Automatic);7:Atlans(1,Automatic);7:Atlans(1,Automatic);7:Atlans(1,Automatic);7:Atlans(1,Automatic);7:Atlans(1,Automatic);7:Atlans(1,Automatic);7:Atlans(1,Automatic);7:Atlans(1,Automatic);7:Atlans(1,Automatic);7:Atlans(1,Automatic);7:Atlans(1,Automatic);7:Atlans(1,Automatic);7:Atlans(1,Automatic);7:Atlans(1,Automatic);7:Atlans(1,Automatic);7:Atlans(1,Automatic);7:Atlans(1,Automatic);7:Atlans(1,Automatic);7:Atlans(1,Automatic);7:Atlans(1,Automatic);7:Atlans(1,Automatic);7:Atlans(1,Automatic);7:Atlans(1,Automatic);7:Atlans(1,Automatic);7:Atlans(1,Automatic);7:Atlans(1,Automatic);7:Atlans(1,Automatic);7:Atlans(1,Automatic);7:Atlans(1,Automatic);7:Atlans(1,Automatic);7:Atlans(1,Automatic);7:Atlans(1,Automatic);7:Atlans(1,Automatic);7:Atlans(1,Automatic);7:Atlans(1,Automatic);7:Atlans(1,Automatic);7:Atlans(1,Automatic);7:Atlans(1,Automatic);7:Atlans(1,Automatic);7:Atlans(1,Automatic);7:Atlans(1,Automatic);7:Atlans(1,Automatic);7:Atlans(1,Automatic);7:Atlans(1,Automatic);7:Atlans(1,Automatic);7:Atlans(1,Automatic);7:Atlans(1,Automatic);7:Atlans(1,Automatic);7:Atlans(1,Automatic);7:Atlans(1,Automatic);7:Atlans(1,Automatic);7:Atlans(1,Automatic);7:Atlans(1,Automatic);7:Atlans(1,Automatic);7:Atlans(1,Automatic);7:Atlans(1,Automatic);7:Atlans(1,Automatic);7:Atlans(1,Automatic);7:Atlans(1,Automatic);7:Atlans(1,Automatic);7:Atlans(1,Automatic)
49	Hydra	Monster	74	19000	250	310	200	125	430	7:Atlans(1,Automatic);7:Atlans(1,Automatic);7:Atlans(1,Automatic);7:Atlans(1,Automatic);9:Devil Square 2(5,OnceAtWaveStart)
50	Sea Worm	Monster	74	19000	250	310	200	125	430	-
51	Great Bahamut	Monster	66	7000	210	230	150	98	330	7:Atlans(1,Automatic);7:Atlans(1,Automatic);7:Atlans(1,Automatic);7:Atlans(1,Automatic);7:Atlans(1,Automatic);7:Atlans(1,Automatic);7:Atlans(1,Automatic);7:Atlans(1,Automatic);7:Atlans(1,Automatic);7:Atlans(1,Automatic);7:Atlans(1,Automatic);7:Atlans(1,Automatic);7:Atlans(1,Automatic);7:Atlans(1,Automatic);7:Atlans(1,Automatic);7:Atlans(1,Automatic);7:Atlans(1,Automatic);7:Atlans(1,Automatic);7:Atlans(1,Automatic);7:Atlans(1,Automatic);7:Atlans(1,Automatic);7:Atlans(1,Automatic);7:Atlans(1,Automatic);7:Atlans(1,Automatic);7:Atlans(1,Automatic);7:Atlans(1,Automatic);7:Atlans(1,Automatic);7:Atlans(1,Automatic);7:Atlans(1,Automatic);7:Atlans(1,Automatic);7:Atlans(1,Automatic);7:Atlans(1,Automatic);7:Atlans(1,Automatic);7:Atlans(1,Automatic);7:Atlans(1,Automatic);7:Atlans(1,Automatic);7:Atlans(1,Automatic);7:Atlans(1,Automatic);7:Atlans(1,Automatic);7:Atlans(1,Automatic);7:Atlans(1,Automatic);7:Atlans(1,Automatic);7:Atlans(1,Automatic);7:Atlans(1,Automatic);7:Atlans(1,Automatic);7:Atlans(1,Automatic);7:Atlans(1,Automatic);7:Atlans(1,Automatic);7:Atlans(1,Automatic);7:Atlans(1,Automatic);7:Atlans(1,Automatic);7:Atlans(1,Automatic);7:Atlans(1,Automatic);7:Atlans(1,Automatic);7:Atlans(1,Automatic);7:Atlans(1,Automatic);7:Atlans(1,Automatic);7:Atlans(1,Automatic);7:Atlans(1,Automatic);7:Atlans(1,Automatic);7:Atlans(1,Automatic);7:Atlans(1,Automatic);7:Atlans(1,Automatic);7:Atlans(1,Automatic);7:Atlans(1,Automatic)
52	Silver Valkyrie	Monster	68	8000	230	260	170	110	340	7:Atlans(1,Automatic);7:Atlans(1,Automatic);7:Atlans(1,Automatic);7:Atlans(1,Automatic);7:Atlans(1,Automatic);7:Atlans(1,Automatic);7:Atlans(1,Automatic);7:Atlans(1,Automatic);7:Atlans(1,Automatic);7:Atlans(1,Automatic);7:Atlans(1,Automatic);7:Atlans(1,Automatic);7:Atlans(1,Automatic);7:Atlans(1,Automatic);7:Atlans(1,Automatic);7:Atlans(1,Automatic);7:Atlans(1,Automatic);7:Atlans(1,Automatic);7:Atlans(1,Automatic);7:Atlans(1,Automatic);7:Atlans(1,Automatic);7:Atlans(1,Automatic);7:Atlans(1,Automatic);7:Atlans(1,Automatic);7:Atlans(1,Automatic);7:Atlans(1,Automatic);7:Atlans(1,Automatic);7:Atlans(1,Automatic);7:Atlans(1,Automatic);7:Atlans(1,Automatic);7:Atlans(1,Automatic);7:Atlans(1,Automatic);7:Atlans(1,Automatic);7:Atlans(1,Automatic);7:Atlans(1,Automatic);7:Atlans(1,Automatic);7:Atlans(1,Automatic);7:Atlans(1,Automatic);7:Atlans(1,Automatic);7:Atlans(1,Automatic);7:Atlans(1,Automatic);7:Atlans(1,Automatic);7:Atlans(1,Automatic);7:Atlans(1,Automatic);7:Atlans(1,Automatic);7:Atlans(1,Automatic);7:Atlans(1,Automatic);7:Atlans(1,Automatic);7:Atlans(1,Automatic);7:Atlans(1,Automatic);7:Atlans(1,Automatic);7:Atlans(1,Automatic);7:Atlans(1,Automatic);7:Atlans(1,Automatic);7:Atlans(1,Automatic);7:Atlans(1,Automatic);7:Atlans(1,Automatic);7:Atlans(1,Automatic);7:Atlans(1,Automatic);7:Atlans(1,Automatic);7:Atlans(1,Automatic);7:Atlans(1,Automatic);7:Atlans(1,Automatic);7:Atlans(1,Automatic);7:Atlans(1,Automatic);7:Atlans(1,Automatic);7:Atlans(1,Automatic);7:Atlans(1,Automatic);7:Atlans(1,Automatic);7:Atlans(1,Automatic);7:Atlans(1,Automatic);7:Atlans(1,Automatic);7:Atlans(1,Automatic);7:Atlans(1,Automatic);7:Atlans(1,Automatic);7:Atlans(1,Automatic);7:Atlans(1,Automatic);7:Atlans(1,Automatic);7:Atlans(1,Automatic);7:Atlans(1,Automatic);7:Atlans(1,Automatic);7:Atlans(1,Automatic);7:Atlans(1,Automatic);7:Atlans(1,Automatic);7:Atlans(1,Automatic)
53	Golden Titan	Monster	53	6500	170	180	105	77	265	-
54	Golden Soldier	Monster	46	5000	140	150	75	64	230	-
57	Iron Wheel	Monster	80	17000	280	330	215	150	446	8:Tarkan(1,Automatic);8:Tarkan(1,Automatic);8:Tarkan(1,Automatic);8:Tarkan(1,Automatic);8:Tarkan(1,Automatic);8:Tarkan(1,Automatic);8:Tarkan(1,Automatic);8:Tarkan(1,Automatic);8:Tarkan(1,Automatic);8:Tarkan(1,Automatic);8:Tarkan(1,Automatic);8:Tarkan(1,Automatic);8:Tarkan(1,Automatic);8:Tarkan(1,Automatic);8:Tarkan(1,Automatic);8:Tarkan(1,Automatic);8:Tarkan(1,Automatic);8:Tarkan(1,Automatic);8:Tarkan(1,Automatic);8:Tarkan(1,Automatic);8:Tarkan(1,Automatic);8:Tarkan(1,Automatic);8:Tarkan(1,Automatic);9:Devil Square 4(35,AutomaticDuringWave);32:Devil Square 6(35,AutomaticDuringWave)
58	Tantallos	Monster	83	22000	335	385	250	175	500	8:Tarkan(1,Automatic);8:Tarkan(1,Automatic);8:Tarkan(1,Automatic);8:Tarkan(1,Automatic);8:Tarkan(1,Automatic);8:Tarkan(1,Automatic);8:Tarkan(1,Automatic);8:Tarkan(1,Automatic);8:Tarkan(1,Automatic);8:Tarkan(1,Automatic);8:Tarkan(1,Automatic);8:Tarkan(1,Automatic);8:Tarkan(1,Automatic);8:Tarkan(1,Automatic);8:Tarkan(1,Automatic);8:Tarkan(1,Automatic);8:Tarkan(1,Automatic);8:Tarkan(1,Automatic);8:Tarkan(1,Automatic);8:Tarkan(1,Automatic);8:Tarkan(1,Automatic);8:Tarkan(1,Automatic);8:Tarkan(1,Automatic);8:Tarkan(1,Automatic);8:Tarkan(1,Automatic);8:Tarkan(1,Automatic);8:Tarkan(1,Automatic);8:Tarkan(1,Automatic);8:Tarkan(1,Automatic);8:Tarkan(1,Automatic);8:Tarkan(1,Automatic);8:Tarkan(1,Automatic);8:Tarkan(1,Automatic);8:Tarkan(1,Automatic);8:Tarkan(1,Automatic);8:Tarkan(1,Automatic);8:Tarkan(1,Automatic);8:Tarkan(1,Automatic);8:Tarkan(1,Automatic);8:Tarkan(1,Automatic);8:Tarkan(1,Automatic);8:Tarkan(1,Automatic);8:Tarkan(1,Automatic);8:Tarkan(1,Automatic);8:Tarkan(1,Automatic);8:Tarkan(1,Automatic);8:Tarkan(1,Automatic);8:Tarkan(1,Automatic);8:Tarkan(1,Automatic);8:Tarkan(1,Automatic);8:Tarkan(1,Automatic);8:Tarkan(1,Automatic);8:Tarkan(1,Automatic);8:Tarkan(1,Automatic);8:Tarkan(1,Automatic);8:Tarkan(1,Automatic);8:Tarkan(1,Automatic);8:Tarkan(1,Automatic);8:Tarkan(1,Automatic);8:Tarkan(1,Automatic);8:Tarkan(1,Automatic);8:Tarkan(1,Automatic);8:Tarkan(1,Automatic)
59	Zaikan	Monster	90	34000	510	590	400	185	550	8:Tarkan(1,Automatic)
60	Bloody Wolf	Monster	76	13500	260	300	200	130	410	8:Tarkan(1,Automatic);8:Tarkan(1,Automatic);8:Tarkan(1,Automatic);8:Tarkan(1,Automatic);8:Tarkan(1,Automatic);8:Tarkan(1,Automatic);8:Tarkan(1,Automatic);8:Tarkan(1,Automatic);8:Tarkan(1,Automatic);8:Tarkan(1,Automatic);8:Tarkan(1,Automatic);8:Tarkan(1,Automatic);8:Tarkan(1,Automatic);8:Tarkan(1,Automatic);8:Tarkan(1,Automatic);8:Tarkan(1,Automatic);8:Tarkan(1,Automatic);8:Tarkan(1,Automatic);8:Tarkan(1,Automatic);8:Tarkan(1,Automatic);8:Tarkan(1,Automatic);8:Tarkan(1,Automatic);8:Tarkan(1,Automatic);8:Tarkan(1,Automatic);8:Tarkan(1,Automatic);8:Tarkan(1,Automatic);8:Tarkan(1,Automatic);8:Tarkan(1,Automatic);8:Tarkan(1,Automatic);8:Tarkan(1,Automatic);8:Tarkan(1,Automatic);8:Tarkan(1,Automatic);9:Devil Square 4(35,AutomaticDuringWave);32:Devil Square 5(35,AutomaticDuringWave)
61	Beam Knight	Monster	84	25000	375	425	275	190	530	8:Tarkan(1,Automatic);8:Tarkan(1,Automatic);8:Tarkan(1,Automatic);8:Tarkan(1,Automatic);8:Tarkan(1,Automatic);8:Tarkan(1,Automatic);8:Tarkan(1,Automatic);8:Tarkan(1,Automatic);8:Tarkan(1,Automatic);8:Tarkan(1,Automatic);8:Tarkan(1,Automatic);8:Tarkan(1,Automatic);8:Tarkan(1,Automatic);8:Tarkan(1,Automatic);8:Tarkan(1,Automatic);8:Tarkan(1,Automatic);8:Tarkan(1,Automatic);8:Tarkan(1,Automatic);8:Tarkan(1,Automatic);8:Tarkan(1,Automatic);8:Tarkan(1,Automatic);8:Tarkan(1,Automatic);8:Tarkan(1,Automatic);8:Tarkan(1,Automatic);8:Tarkan(1,Automatic);8:Tarkan(1,Automatic);8:Tarkan(1,Automatic);8:Tarkan(1,Automatic);8:Tarkan(1,Automatic);8:Tarkan(1,Automatic);8:Tarkan(1,Automatic);8:Tarkan(1,Automatic);8:Tarkan(1,Automatic);8:Tarkan(1,Automatic);8:Tarkan(1,Automatic);8:Tarkan(1,Automatic);8:Tarkan(1,Automatic);8:Tarkan(1,Automatic);8:Tarkan(1,Automatic);8:Tarkan(1,Automatic);8:Tarkan(1,Automatic);8:Tarkan(1,Automatic);8:Tarkan(1,Automatic);8:Tarkan(1,Automatic);8:Tarkan(1,Automatic);8:Tarkan(1,Automatic);8:Tarkan(1,Automatic);8:Tarkan(1,Automatic);8:Tarkan(1,Automatic);8:Tarkan(1,Automatic);8:Tarkan(1,Automatic);8:Tarkan(1,Automatic);8:Tarkan(1,Automatic);8:Tarkan(1,Automatic);8:Tarkan(1,Automatic);8:Tarkan(1,Automatic);32:Devil Square 5(35,AutomaticDuringWave)
62	Mutant	Monster	72	10000	250	280	190	120	365	8:Tarkan(1,Automatic);8:Tarkan(1,Automatic);8:Tarkan(1,Automatic);8:Tarkan(1,Automatic);8:Tarkan(1,Automatic);8:Tarkan(1,Automatic);8:Tarkan(1,Automatic);8:Tarkan(1,Automatic);8:Tarkan(1,Automatic);8:Tarkan(1,Automatic);8:Tarkan(1,Automatic);8:Tarkan(1,Automatic);8:Tarkan(1,Automatic);8:Tarkan(1,Automatic);8:Tarkan(1,Automatic);8:Tarkan(1,Automatic);8:Tarkan(1,Automatic);8:Tarkan(1,Automatic);8:Tarkan(1,Automatic);8:Tarkan(1,Automatic);8:Tarkan(1,Automatic);8:Tarkan(1,Automatic);8:Tarkan(1,Automatic);8:Tarkan(1,Automatic);8:Tarkan(1,Automatic);8:Tarkan(1,Automatic);8:Tarkan(1,Automatic);8:Tarkan(1,Automatic);8:Tarkan(1,Automatic);8:Tarkan(1,Automatic);8:Tarkan(1,Automatic);8:Tarkan(1,Automatic);8:Tarkan(1,Automatic);8:Tarkan(1,Automatic);8:Tarkan(1,Automatic);8:Tarkan(1,Automatic);8:Tarkan(1,Automatic);8:Tarkan(1,Automatic);8:Tarkan(1,Automatic);8:Tarkan(1,Automatic);8:Tarkan(1,Automatic)
63	Death Beam Knight	Monster	93	40000	590	650	420	220	575	8:Tarkan(1,Automatic)
64	Orc Archer	Monster	70	10000	220	250	170	115	350	9:Devil Square 3(35,AutomaticDuringWave);9:Devil Square 4(35,AutomaticDuringWave)
65	Elite Orc	Monster	74	14000	260	290	190	125	400	9:Devil Square 3(35,AutomaticDuringWave);9:Devil Square 4(35,AutomaticDuringWave)
66	Cursed King	Monster	86	38000	500	570	350	200	525	9:Devil Square 4(5,OnceAtWaveStart)
67	Metal Balrog	Monster	77	26000	300	360	220	150	385	9:Devil Square 3(5,OnceAtWaveStart)
69	Alquamos	Monster	75	11500	255	290	195	125	385	10:Icarus(1,Automatic);10:Icarus(1,Automatic);10:Icarus(1,Automatic);10:Icarus(1,Automatic);10:Icarus(1,Automatic);10:Icarus(1,Automatic);10:Icarus(1,Automatic);10:Icarus(1,Automatic);10:Icarus(1,Automatic);10:Icarus(1,Automatic);10:Icarus(1,Automatic)
70	Queen Rainer	Monster	82	19000	305	350	230	160	475	10:Icarus(1,Automatic);10:Icarus(1,Automatic);10:Icarus(1,Automatic);10:Icarus(1,Automatic);10:Icarus(1,Automatic);10:Icarus(1,Automatic);9:Devil Square 4(35,AutomaticDuringWave);32:Devil Square 6(35,AutomaticDuringWave)
71	Mega Crust	Monster	78	15000	270	320	210	140	430	10:Icarus(1,Automatic);10:Icarus(1,Automatic);10:Icarus(1,Automatic);10:Icarus(1,Automatic);10:Icarus(1,Automatic);10:Icarus(1,Automatic);10:Icarus(1,Automatic);10:Icarus(1,Automatic);10:Icarus(1,Automatic);10:Icarus(1,Automatic);32:Devil Square 5(35,AutomaticDuringWave)
72	Phantom Knight	Monster	96	41000	560	610	425	270	690	10:Icarus(1,Automatic);10:Icarus(1,Automatic);10:Icarus(1,Automatic);10:Icarus(1,Automatic);10:Icarus(1,Automatic);10:Icarus(1,Automatic);10:Icarus(1,Automatic);10:Icarus(1,Automatic);10:Icarus(1,Automatic);10:Icarus(1,Automatic);10:Icarus(1,Automatic);10:Icarus(1,Automatic)
73	Drakan	Monster	86	29000	425	480	305	210	570	10:Icarus(1,Automatic);10:Icarus(1,Automatic);10:Icarus(1,Automatic);10:Icarus(1,Automatic);10:Icarus(1,Automatic);10:Icarus(1,Automatic);32:Devil Square 5(35,AutomaticDuringWave)
74	Alpha Crust	Monster	92	34500	489	540	360	240	620	10:Icarus(1,Automatic);10:Icarus(1,Automatic);10:Icarus(1,Automatic);10:Icarus(1,Automatic);10:Icarus(1,Automatic);10:Icarus(1,Automatic);32:Devil Square 6(35,AutomaticDuringWave)
75	Great Drakan	Monster	100	50000	650	700	495	305	800	10:Icarus(1,Automatic);10:Icarus(1,Automatic);10:Icarus(1,Automatic);10:Icarus(1,Automatic);10:Icarus(1,Automatic);10:Icarus(1,Automatic);10:Icarus(1,Automatic);10:Icarus(1,Automatic);10:Icarus(1,Automatic);10:Icarus(1,Automatic);10:Icarus(1,Automatic);10:Icarus(1,Automatic)
76	Dark Phoenix Shield	Monster	106	73000	850	960	580	305	840	-
77	Dark Phoenix	Monster	108	95000	950	1000	600	350	900	10:Icarus(1,Automatic)
78	Golden Goblin	Monster	20	3200	125	130	50	50	100	-
79	Golden Dragon	Monster	80	22000	300	350	230	90	400	-
80	Golden Lizard King	Monster	83	25000	310	360	240	150	415	-
81	Golden Vepar	Monster	61	10000	190	200	110	90	310	-
82	Golden Tantallos	Monster	90	32000	450	560	300	185	450	-
83	Golden Wheel	Monster	77	15000	320	360	230	160	385	-
84	Chief Skeleton Warrior 1	Monster	56	5000	160	180	110	85	300	11:Blood Castle 1(1,AutomaticDuringEvent);11:Blood Castle 1(1,AutomaticDuringEvent);11:Blood Castle 1(1,AutomaticDuringEvent);11:Blood Castle 1(1,AutomaticDuringEvent);11:Blood Castle 1(1,AutomaticDuringEvent);11:Blood Castle 1(1,AutomaticDuringEvent);11:Blood Castle 1(1,AutomaticDuringEvent);11:Blood Castle 1(1,AutomaticDuringEvent);11:Blood Castle 1(1,AutomaticDuringEvent);11:Blood Castle 1(1,AutomaticDuringEvent);11:Blood Castle 1(1,AutomaticDuringEvent);11:Blood Castle 1(1,AutomaticDuringEvent);11:Blood Castle 1(1,AutomaticDuringEvent);11:Blood Castle 1(1,AutomaticDuringEvent);11:Blood Castle 1(1,AutomaticDuringEvent);11:Blood Castle 1(1,AutomaticDuringEvent);11:Blood Castle 1(1,AutomaticDuringEvent);11:Blood Castle 1(1,AutomaticDuringEvent);11:Blood Castle 1(1,AutomaticDuringEvent)
85	Chief Skeleton Archer 1	Monster	61	6500	180	200	120	93	330	11:Blood Castle 1(1,AutomaticDuringEvent);11:Blood Castle 1(1,AutomaticDuringEvent);11:Blood Castle 1(1,AutomaticDuringEvent);11:Blood Castle 1(1,AutomaticDuringEvent);11:Blood Castle 1(1,AutomaticDuringEvent);11:Blood Castle 1(1,AutomaticDuringEvent);11:Blood Castle 1(1,AutomaticDuringEvent);11:Blood Castle 1(1,AutomaticDuringEvent);11:Blood Castle 1(1,AutomaticDuringEvent);11:Blood Castle 1(1,AutomaticDuringEvent);11:Blood Castle 1(1,AutomaticDuringEvent);11:Blood Castle 1(1,AutomaticDuringEvent);11:Blood Castle 1(1,AutomaticDuringEvent);11:Blood Castle 1(1,AutomaticDuringEvent);11:Blood Castle 1(1,AutomaticDuringEvent);11:Blood Castle 1(1,AutomaticDuringEvent);11:Blood Castle 1(1,AutomaticDuringEvent)
86	Dark Skull Soldier 1	Monster	66	8000	190	220	160	98	360	11:Blood Castle 1(1,AutomaticDuringEvent);11:Blood Castle 1(1,AutomaticDuringEvent);11:Blood Castle 1(1,AutomaticDuringEvent);11:Blood Castle 1(1,AutomaticDuringEvent);11:Blood Castle 1(1,AutomaticDuringEvent);11:Blood Castle 1(1,AutomaticDuringEvent);11:Blood Castle 1(1,AutomaticDuringEvent);11:Blood Castle 1(1,AutomaticDuringEvent);11:Blood Castle 1(1,AutomaticDuringEvent);11:Blood Castle 1(1,AutomaticDuringEvent);11:Blood Castle 1(1,AutomaticDuringEvent);11:Blood Castle 1(1,AutomaticDuringEvent);11:Blood Castle 1(1,AutomaticDuringEvent);11:Blood Castle 1(1,AutomaticDuringEvent);11:Blood Castle 1(1,AutomaticDuringEvent);11:Blood Castle 1(1,AutomaticDuringEvent);11:Blood Castle 1(1,AutomaticDuringEvent);11:Blood Castle 1(1,AutomaticDuringEvent);11:Blood Castle 1(1,AutomaticDuringEvent);11:Blood Castle 1(1,AutomaticDuringEvent);11:Blood Castle 1(1,AutomaticDuringEvent);11:Blood Castle 1(1,AutomaticDuringEvent);11:Blood Castle 1(1,AutomaticDuringEvent);11:Blood Castle 1(1,AutomaticDuringEvent)
87	Giant Ogre 1	Monster	70	9500	210	240	180	115	400	11:Blood Castle 1(1,AutomaticDuringEvent);11:Blood Castle 1(1,AutomaticDuringEvent);11:Blood Castle 1(1,AutomaticDuringEvent);11:Blood Castle 1(1,AutomaticDuringEvent);11:Blood Castle 1(1,AutomaticDuringEvent);11:Blood Castle 1(1,AutomaticDuringEvent);11:Blood Castle 1(1,AutomaticDuringEvent);11:Blood Castle 1(1,AutomaticDuringEvent);11:Blood Castle 1(1,AutomaticDuringEvent);11:Blood Castle 1(1,AutomaticDuringEvent);11:Blood Castle 1(1,AutomaticDuringEvent)
88	Red Skeleton Knight 1	Monster	74	12000	220	260	190	130	440	11:Blood Castle 1(1,AutomaticDuringEvent);11:Blood Castle 1(1,AutomaticDuringEvent);11:Blood Castle 1(1,AutomaticDuringEvent);11:Blood Castle 1(1,AutomaticDuringEvent);11:Blood Castle 1(1,AutomaticDuringEvent);11:Blood Castle 1(1,AutomaticDuringEvent);11:Blood Castle 1(1,AutomaticDuringEvent);11:Blood Castle 1(1,AutomaticDuringEvent);11:Blood Castle 1(1,AutomaticDuringEvent);11:Blood Castle 1(1,AutomaticDuringEvent);11:Blood Castle 1(1,AutomaticDuringEvent);11:Blood Castle 1(1,AutomaticDuringEvent);11:Blood Castle 1(1,AutomaticDuringEvent);11:Blood Castle 1(1,AutomaticDuringEvent);11:Blood Castle 1(1,AutomaticDuringEvent);11:Blood Castle 1(1,AutomaticDuringEvent)
89	Magic Skeleton 1	Monster	79	15000	230	280	240	180	500	11:Blood Castle 1(1,AutomaticDuringEvent);11:Blood Castle 1(1,AutomaticDuringEvent);11:Blood Castle 1(1,AutomaticDuringEvent);11:Blood Castle 1(1,AutomaticDuringEvent);11:Blood Castle 1(1,AutomaticDuringEvent);11:Blood Castle 1(1,AutomaticDuringEvent);11:Blood Castle 1(1,AutomaticDuringEvent);11:Blood Castle 1(1,AutomaticDuringEvent)
90	Chief Skeleton Warrior 2	Monster	64	7500	180	220	150	98	340	12:Blood Castle 2(1,AutomaticDuringEvent);12:Blood Castle 2(1,AutomaticDuringEvent);12:Blood Castle 2(1,AutomaticDuringEvent);12:Blood Castle 2(1,AutomaticDuringEvent);12:Blood Castle 2(1,AutomaticDuringEvent);12:Blood Castle 2(1,AutomaticDuringEvent);12:Blood Castle 2(1,AutomaticDuringEvent);12:Blood Castle 2(1,AutomaticDuringEvent);12:Blood Castle 2(1,AutomaticDuringEvent);12:Blood Castle 2(1,AutomaticDuringEvent);12:Blood Castle 2(1,AutomaticDuringEvent);12:Blood Castle 2(1,AutomaticDuringEvent);12:Blood Castle 2(1,AutomaticDuringEvent);12:Blood Castle 2(1,AutomaticDuringEvent);12:Blood Castle 2(1,AutomaticDuringEvent);12:Blood Castle 2(1,AutomaticDuringEvent);12:Blood Castle 2(1,AutomaticDuringEvent);12:Blood Castle 2(1,AutomaticDuringEvent);12:Blood Castle 2(1,AutomaticDuringEvent)
91	Chief Skeleton Archer 2	Monster	69	9500	200	240	170	110	380	12:Blood Castle 2(1,AutomaticDuringEvent);12:Blood Castle 2(1,AutomaticDuringEvent);12:Blood Castle 2(1,AutomaticDuringEvent);12:Blood Castle 2(1,AutomaticDuringEvent);12:Blood Castle 2(1,AutomaticDuringEvent);12:Blood Castle 2(1,AutomaticDuringEvent);12:Blood Castle 2(1,AutomaticDuringEvent);12:Blood Castle 2(1,AutomaticDuringEvent);12:Blood Castle 2(1,AutomaticDuringEvent);12:Blood Castle 2(1,AutomaticDuringEvent);12:Blood Castle 2(1,AutomaticDuringEvent);12:Blood Castle 2(1,AutomaticDuringEvent);12:Blood Castle 2(1,AutomaticDuringEvent);12:Blood Castle 2(1,AutomaticDuringEvent);12:Blood Castle 2(1,AutomaticDuringEvent);12:Blood Castle 2(1,AutomaticDuringEvent);12:Blood Castle 2(1,AutomaticDuringEvent)
92	Dark Skull Soldier 2	Monster	75	12000	220	260	190	130	440	12:Blood Castle 2(1,AutomaticDuringEvent);12:Blood Castle 2(1,AutomaticDuringEvent);12:Blood Castle 2(1,AutomaticDuringEvent);12:Blood Castle 2(1,AutomaticDuringEvent);12:Blood Castle 2(1,AutomaticDuringEvent);12:Blood Castle 2(1,AutomaticDuringEvent);12:Blood Castle 2(1,AutomaticDuringEvent);12:Blood Castle 2(1,AutomaticDuringEvent);12:Blood Castle 2(1,AutomaticDuringEvent);12:Blood Castle 2(1,AutomaticDuringEvent);12:Blood Castle 2(1,AutomaticDuringEvent);12:Blood Castle 2(1,AutomaticDuringEvent);12:Blood Castle 2(1,AutomaticDuringEvent);12:Blood Castle 2(1,AutomaticDuringEvent);12:Blood Castle 2(1,AutomaticDuringEvent);12:Blood Castle 2(1,AutomaticDuringEvent);12:Blood Castle 2(1,AutomaticDuringEvent);12:Blood Castle 2(1,AutomaticDuringEvent);12:Blood Castle 2(1,AutomaticDuringEvent);12:Blood Castle 2(1,AutomaticDuringEvent);12:Blood Castle 2(1,AutomaticDuringEvent);12:Blood Castle 2(1,AutomaticDuringEvent);12:Blood Castle 2(1,AutomaticDuringEvent);12:Blood Castle 2(1,AutomaticDuringEvent)
93	Giant Ogre 2	Monster	79	15000	250	290	210	150	500	12:Blood Castle 2(1,AutomaticDuringEvent);12:Blood Castle 2(1,AutomaticDuringEvent);12:Blood Castle 2(1,AutomaticDuringEvent);12:Blood Castle 2(1,AutomaticDuringEvent);12:Blood Castle 2(1,AutomaticDuringEvent);12:Blood Castle 2(1,AutomaticDuringEvent);12:Blood Castle 2(1,AutomaticDuringEvent);12:Blood Castle 2(1,AutomaticDuringEvent);12:Blood Castle 2(1,AutomaticDuringEvent);12:Blood Castle 2(1,AutomaticDuringEvent);12:Blood Castle 2(1,AutomaticDuringEvent)
94	Red Skeleton Knight 2	Monster	82	18000	270	320	290	170	560	12:Blood Castle 2(1,AutomaticDuringEvent);12:Blood Castle 2(1,AutomaticDuringEvent);12:Blood Castle 2(1,AutomaticDuringEvent);12:Blood Castle 2(1,AutomaticDuringEvent);12:Blood Castle 2(1,AutomaticDuringEvent);12:Blood Castle 2(1,AutomaticDuringEvent);12:Blood Castle 2(1,AutomaticDuringEvent);12:Blood Castle 2(1,AutomaticDuringEvent);12:Blood Castle 2(1,AutomaticDuringEvent);12:Blood Castle 2(1,AutomaticDuringEvent);12:Blood Castle 2(1,AutomaticDuringEvent);12:Blood Castle 2(1,AutomaticDuringEvent);12:Blood Castle 2(1,AutomaticDuringEvent);12:Blood Castle 2(1,AutomaticDuringEvent);12:Blood Castle 2(1,AutomaticDuringEvent);12:Blood Castle 2(1,AutomaticDuringEvent)
95	Magic Skeleton 2	Monster	88	24000	300	350	360	200	640	12:Blood Castle 2(1,AutomaticDuringEvent);12:Blood Castle 2(1,AutomaticDuringEvent);12:Blood Castle 2(1,AutomaticDuringEvent);12:Blood Castle 2(1,AutomaticDuringEvent);12:Blood Castle 2(1,AutomaticDuringEvent);12:Blood Castle 2(1,AutomaticDuringEvent);12:Blood Castle 2(1,AutomaticDuringEvent);12:Blood Castle 2(1,AutomaticDuringEvent)
96	Chief Skeleton Warrior 3	Monster	70	12000	210	270	185	125	380	13:Blood Castle 3(1,AutomaticDuringEvent);13:Blood Castle 3(1,AutomaticDuringEvent);13:Blood Castle 3(1,AutomaticDuringEvent);13:Blood Castle 3(1,AutomaticDuringEvent);13:Blood Castle 3(1,AutomaticDuringEvent);13:Blood Castle 3(1,AutomaticDuringEvent);13:Blood Castle 3(1,AutomaticDuringEvent);13:Blood Castle 3(1,AutomaticDuringEvent);13:Blood Castle 3(1,AutomaticDuringEvent);13:Blood Castle 3(1,AutomaticDuringEvent);13:Blood Castle 3(1,AutomaticDuringEvent);13:Blood Castle 3(1,AutomaticDuringEvent);13:Blood Castle 3(1,AutomaticDuringEvent);13:Blood Castle 3(1,AutomaticDuringEvent);13:Blood Castle 3(1,AutomaticDuringEvent);13:Blood Castle 3(1,AutomaticDuringEvent);13:Blood Castle 3(1,AutomaticDuringEvent);13:Blood Castle 3(1,AutomaticDuringEvent);13:Blood Castle 3(1,AutomaticDuringEvent)
97	Chief Skeleton Archer 3	Monster	75	15000	240	300	190	130	420	13:Blood Castle 3(1,AutomaticDuringEvent);13:Blood Castle 3(1,AutomaticDuringEvent);13:Blood Castle 3(1,AutomaticDuringEvent);13:Blood Castle 3(1,AutomaticDuringEvent);13:Blood Castle 3(1,AutomaticDuringEvent);13:Blood Castle 3(1,AutomaticDuringEvent);13:Blood Castle 3(1,AutomaticDuringEvent);13:Blood Castle 3(1,AutomaticDuringEvent);13:Blood Castle 3(1,AutomaticDuringEvent);13:Blood Castle 3(1,AutomaticDuringEvent);13:Blood Castle 3(1,AutomaticDuringEvent);13:Blood Castle 3(1,AutomaticDuringEvent);13:Blood Castle 3(1,AutomaticDuringEvent);13:Blood Castle 3(1,AutomaticDuringEvent);13:Blood Castle 3(1,AutomaticDuringEvent);13:Blood Castle 3(1,AutomaticDuringEvent);13:Blood Castle 3(1,AutomaticDuringEvent)
98	Dark Skull Soldier 3	Monster	80	19000	280	340	220	175	470	13:Blood Castle 3(1,AutomaticDuringEvent);13:Blood Castle 3(1,AutomaticDuringEvent);13:Blood Castle 3(1,AutomaticDuringEvent);13:Blood Castle 3(1,AutomaticDuringEvent);13:Blood Castle 3(1,AutomaticDuringEvent);13:Blood Castle 3(1,AutomaticDuringEvent);13:Blood Castle 3(1,AutomaticDuringEvent);13:Blood Castle 3(1,AutomaticDuringEvent);13:Blood Castle 3(1,AutomaticDuringEvent);13:Blood Castle 3(1,AutomaticDuringEvent);13:Blood Castle 3(1,AutomaticDuringEvent);13:Blood Castle 3(1,AutomaticDuringEvent);13:Blood Castle 3(1,AutomaticDuringEvent);13:Blood Castle 3(1,AutomaticDuringEvent);13:Blood Castle 3(1,AutomaticDuringEvent);13:Blood Castle 3(1,AutomaticDuringEvent);13:Blood Castle 3(1,AutomaticDuringEvent);13:Blood Castle 3(1,AutomaticDuringEvent);13:Blood Castle 3(1,AutomaticDuringEvent);13:Blood Castle 3(1,AutomaticDuringEvent);13:Blood Castle 3(1,AutomaticDuringEvent);13:Blood Castle 3(1,AutomaticDuringEvent);13:Blood Castle 3(1,AutomaticDuringEvent);13:Blood Castle 3(1,AutomaticDuringEvent)
99	Giant Ogre 3	Monster	85	23000	340	390	300	190	520	13:Blood Castle 3(1,AutomaticDuringEvent);13:Blood Castle 3(1,AutomaticDuringEvent);13:Blood Castle 3(1,AutomaticDuringEvent);13:Blood Castle 3(1,AutomaticDuringEvent);13:Blood Castle 3(1,AutomaticDuringEvent);13:Blood Castle 3(1,AutomaticDuringEvent);13:Blood Castle 3(1,AutomaticDuringEvent);13:Blood Castle 3(1,AutomaticDuringEvent);13:Blood Castle 3(1,AutomaticDuringEvent);13:Blood Castle 3(1,AutomaticDuringEvent);13:Blood Castle 3(1,AutomaticDuringEvent)
100	Lance Trap	Trap	80	1000	100	110	0	500	400	1:Dungeon(1,Automatic);1:Dungeon(1,Automatic);1:Dungeon(1,Automatic);1:Dungeon(1,Automatic);1:Dungeon(1,Automatic);1:Dungeon(1,Automatic);1:Dungeon(1,Automatic);1:Dungeon(1,Automatic);1:Dungeon(1,Automatic);1:Dungeon(1,Automatic);1:Dungeon(1,Automatic);1:Dungeon(1,Automatic);1:Dungeon(1,Automatic);1:Dungeon(1,Automatic);1:Dungeon(1,Automatic);1:Dungeon(1,Automatic);1:Dungeon(1,Automatic);1:Dungeon(1,Automatic);1:Dungeon(1,Automatic);1:Dungeon(1,Automatic);1:Dungeon(1,Automatic);1:Dungeon(1,Automatic);1:Dungeon(1,Automatic);1:Dungeon(1,Automatic);1:Dungeon(1,Automatic);1:Dungeon(1,Automatic);1:Dungeon(1,Automatic)
101	Iron Stick Trap	Trap	80	1000	110	130	0	500	400	1:Dungeon(1,Automatic);1:Dungeon(1,Automatic);1:Dungeon(1,Automatic);1:Dungeon(1,Automatic);1:Dungeon(1,Automatic);1:Dungeon(1,Automatic);1:Dungeon(1,Automatic);1:Dungeon(1,Automatic);1:Dungeon(1,Automatic);1:Dungeon(1,Automatic);1:Dungeon(1,Automatic);1:Dungeon(1,Automatic);1:Dungeon(1,Automatic);1:Dungeon(1,Automatic);1:Dungeon(1,Automatic);1:Dungeon(1,Automatic);1:Dungeon(1,Automatic);1:Dungeon(1,Automatic);1:Dungeon(1,Automatic);1:Dungeon(1,Automatic);1:Dungeon(1,Automatic);1:Dungeon(1,Automatic);1:Dungeon(1,Automatic);1:Dungeon(1,Automatic);1:Dungeon(1,Automatic);1:Dungeon(1,Automatic)
102	Fire Trap	Trap	80	1000	130	150	0	500	400	1:Dungeon(1,Automatic);1:Dungeon(1,Automatic);1:Dungeon(1,Automatic);1:Dungeon(1,Automatic);1:Dungeon(1,Automatic)
103	Meteorite Trap	Trap	90	1000	160	190	0	500	450	4:Lost Tower(1,Automatic);4:Lost Tower(1,Automatic);4:Lost Tower(1,Automatic);4:Lost Tower(1,Automatic);4:Lost Tower(1,Automatic);4:Lost Tower(1,Automatic);4:Lost Tower(1,Automatic);4:Lost Tower(1,Automatic);4:Lost Tower(1,Automatic);4:Lost Tower(1,Automatic);4:Lost Tower(1,Automatic);4:Lost Tower(1,Automatic);4:Lost Tower(1,Automatic);4:Lost Tower(1,Automatic);4:Lost Tower(1,Automatic);4:Lost Tower(1,Automatic);4:Lost Tower(1,Automatic);4:Lost Tower(1,Automatic);4:Lost Tower(1,Automatic);4:Lost Tower(1,Automatic);4:Lost Tower(1,Automatic);4:Lost Tower(1,Automatic);4:Lost Tower(1,Automatic);4:Lost Tower(1,Automatic);4:Lost Tower(1,Automatic);4:Lost Tower(1,Automatic);4:Lost Tower(1,Automatic);4:Lost Tower(1,Automatic);4:Lost Tower(1,Automatic);4:Lost Tower(1,Automatic);4:Lost Tower(1,Automatic);4:Lost Tower(1,Automatic);4:Lost Tower(1,Automatic);4:Lost Tower(1,Automatic);4:Lost Tower(1,Automatic);4:Lost Tower(1,Automatic);4:Lost Tower(1,Automatic);4:Lost Tower(1,Automatic);4:Lost Tower(1,Automatic);4:Lost Tower(1,Automatic);4:Lost Tower(1,Automatic);4:Lost Tower(1,Automatic);4:Lost Tower(1,Automatic);4:Lost Tower(1,Automatic);4:Lost Tower(1,Automatic);4:Lost Tower(1,Automatic);4:Lost Tower(1,Automatic);4:Lost Tower(1,Automatic);4:Lost Tower(1,Automatic);4:Lost Tower(1,Automatic);4:Lost Tower(1,Automatic);4:Lost Tower(1,Automatic);4:Lost Tower(1,Automatic);4:Lost Tower(1,Automatic);4:Lost Tower(1,Automatic);4:Lost Tower(1,Automatic);4:Lost Tower(1,Automatic);4:Lost Tower(1,Automatic);4:Lost Tower(1,Automatic);4:Lost Tower(1,Automatic);4:Lost Tower(1,Automatic);4:Lost Tower(1,Automatic);4:Lost Tower(1,Automatic);4:Lost Tower(1,Automatic);4:Lost Tower(1,Automatic);4:Lost Tower(1,Automatic);4:Lost Tower(1,Automatic);4:Lost Tower(1,Automatic);4:Lost Tower(1,Automatic);4:Lost Tower(1,Automatic);4:Lost Tower(1,Automatic);4:Lost Tower(1,Automatic);4:Lost Tower(1,Automatic);4:Lost Tower(1,Automatic);4:Lost Tower(1,Automatic);4:Lost Tower(1,Automatic);4:Lost Tower(1,Automatic);4:Lost Tower(1,Automatic);4:Lost Tower(1,Automatic);4:Lost Tower(1,Automatic);4:Lost Tower(1,Automatic);4:Lost Tower(1,Automatic);4:Lost Tower(1,Automatic);4:Lost Tower(1,Automatic);4:Lost Tower(1,Automatic);4:Lost Tower(1,Automatic);4:Lost Tower(1,Automatic);4:Lost Tower(1,Automatic);4:Lost Tower(1,Automatic);4:Lost Tower(1,Automatic);4:Lost Tower(1,Automatic);4:Lost Tower(1,Automatic);4:Lost Tower(1,Automatic);4:Lost Tower(1,Automatic);4:Lost Tower(1,Automatic);4:Lost Tower(1,Automatic);4:Lost Tower(1,Automatic);4:Lost Tower(1,Automatic);4:Lost Tower(1,Automatic);4:Lost Tower(1,Automatic);4:Lost Tower(1,Automatic);4:Lost Tower(1,Automatic);4:Lost Tower(1,Automatic);4:Lost Tower(1,Automatic);4:Lost Tower(1,Automatic);4:Lost Tower(1,Automatic);4:Lost Tower(1,Automatic);4:Lost Tower(1,Automatic);4:Lost Tower(1,Automatic);4:Lost Tower(1,Automatic);4:Lost Tower(1,Automatic);4:Lost Tower(1,Automatic);4:Lost Tower(1,Automatic);4:Lost Tower(1,Automatic);4:Lost Tower(1,Automatic);4:Lost Tower(1,Automatic);4:Lost Tower(1,Automatic);4:Lost Tower(1,Automatic);4:Lost Tower(1,Automatic);4:Lost Tower(1,Automatic);4:Lost Tower(1,Automatic);4:Lost Tower(1,Automatic);4:Lost Tower(1,Automatic);4:Lost Tower(1,Automatic);4:Lost Tower(1,Automatic);4:Lost Tower(1,Automatic);4:Lost Tower(1,Automatic);4:Lost Tower(1,Automatic);4:Lost Tower(1,Automatic);4:Lost Tower(1,Automatic);4:Lost Tower(1,Automatic);4:Lost Tower(1,Automatic);4:Lost Tower(1,Automatic);4:Lost Tower(1,Automatic);4:Lost Tower(1,Automatic);4:Lost Tower(1,Automatic);4:Lost Tower(1,Automatic);4:Lost Tower(1,Automatic);4:Lost Tower(1,Automatic);4:Lost Tower(1,Automatic);4:Lost Tower(1,Automatic);4:Lost Tower(1,Automatic);4:Lost Tower(1,Automatic);4:Lost Tower(1,Automatic);4:Lost Tower(1,Automatic);4:Lost Tower(1,Automatic);4:Lost Tower(1,Automatic);4:Lost Tower(1,Automatic)
105	Canon Trap	Trap	80	1000	200	203	0	500	400	38:Kanturu_III(1,Automatic);38:Kanturu_III(1,Automatic);38:Kanturu_III(1,Automatic);38:Kanturu_III(1,Automatic);38:Kanturu_III(1,Automatic);38:Kanturu_III(1,Automatic);38:Kanturu_III(1,Automatic);38:Kanturu_III(1,Automatic);38:Kanturu_III(1,Automatic);38:Kanturu_III(1,Automatic);38:Kanturu_III(1,Automatic);38:Kanturu_III(1,Automatic);38:Kanturu_III(1,Automatic);38:Kanturu_III(1,Automatic)
106	Laser Trap	Trap	80	1000	150	152	0	500	400	38:Kanturu_III(1,Automatic);38:Kanturu_III(1,Automatic);38:Kanturu_III(1,Automatic);38:Kanturu_III(1,Automatic);38:Kanturu_III(1,Automatic);38:Kanturu_III(1,Automatic);38:Kanturu_III(1,Automatic);38:Kanturu_III(1,Automatic);38:Kanturu_III(1,Automatic);38:Kanturu_III(1,Automatic);38:Kanturu_III(1,Automatic);38:Kanturu_III(1,Automatic);39:Kanturu Event(1,Automatic);39:Kanturu Event(1,Automatic);39:Kanturu Event(1,Automatic);39:Kanturu Event(1,Automatic);39:Kanturu Event(1,Automatic);39:Kanturu Event(1,Automatic);39:Kanturu Event(1,Automatic);39:Kanturu Event(1,Automatic);39:Kanturu Event(1,Automatic);39:Kanturu Event(1,Automatic);39:Kanturu Event(1,Automatic);39:Kanturu Event(1,Automatic);39:Kanturu Event(1,Automatic);39:Kanturu Event(1,Automatic);39:Kanturu Event(1,Automatic);39:Kanturu Event(1,Automatic);39:Kanturu Event(1,Automatic);39:Kanturu Event(1,Automatic);39:Kanturu Event(1,Automatic);39:Kanturu Event(1,Automatic);39:Kanturu Event(1,Automatic);39:Kanturu Event(1,Automatic);39:Kanturu Event(1,Automatic);39:Kanturu Event(1,Automatic);39:Kanturu Event(1,Automatic);39:Kanturu Event(1,Automatic);39:Kanturu Event(1,Automatic);39:Kanturu Event(1,Automatic);39:Kanturu Event(1,Automatic);39:Kanturu Event(1,Automatic);39:Kanturu Event(1,Automatic);39:Kanturu Event(1,Automatic);39:Kanturu Event(1,Automatic);39:Kanturu Event(1,Automatic);39:Kanturu Event(1,Automatic);39:Kanturu Event(1,Automatic);39:Kanturu Event(1,Automatic);39:Kanturu Event(1,Automatic)
111	Red Skeleton Knight 3	Monster	87	26000	370	410	400	200	650	13:Blood Castle 3(1,AutomaticDuringEvent);13:Blood Castle 3(1,AutomaticDuringEvent);13:Blood Castle 3(1,AutomaticDuringEvent);13:Blood Castle 3(1,AutomaticDuringEvent);13:Blood Castle 3(1,AutomaticDuringEvent);13:Blood Castle 3(1,AutomaticDuringEvent);13:Blood Castle 3(1,AutomaticDuringEvent);13:Blood Castle 3(1,AutomaticDuringEvent);13:Blood Castle 3(1,AutomaticDuringEvent);13:Blood Castle 3(1,AutomaticDuringEvent);13:Blood Castle 3(1,AutomaticDuringEvent);13:Blood Castle 3(1,AutomaticDuringEvent);13:Blood Castle 3(1,AutomaticDuringEvent);13:Blood Castle 3(1,AutomaticDuringEvent);13:Blood Castle 3(1,AutomaticDuringEvent);13:Blood Castle 3(1,AutomaticDuringEvent)
112	Magic Skeleton 3	Monster	90	32000	400	460	450	260	720	13:Blood Castle 3(1,AutomaticDuringEvent);13:Blood Castle 3(1,AutomaticDuringEvent);13:Blood Castle 3(1,AutomaticDuringEvent);13:Blood Castle 3(1,AutomaticDuringEvent);13:Blood Castle 3(1,AutomaticDuringEvent);13:Blood Castle 3(1,AutomaticDuringEvent);13:Blood Castle 3(1,AutomaticDuringEvent);13:Blood Castle 3(1,AutomaticDuringEvent)
113	Chief Skeleton Warrior 4	Monster	76	17000	260	290	210	150	460	14:Blood Castle 4(1,AutomaticDuringEvent);14:Blood Castle 4(1,AutomaticDuringEvent);14:Blood Castle 4(1,AutomaticDuringEvent);14:Blood Castle 4(1,AutomaticDuringEvent);14:Blood Castle 4(1,AutomaticDuringEvent);14:Blood Castle 4(1,AutomaticDuringEvent);14:Blood Castle 4(1,AutomaticDuringEvent);14:Blood Castle 4(1,AutomaticDuringEvent);14:Blood Castle 4(1,AutomaticDuringEvent);14:Blood Castle 4(1,AutomaticDuringEvent);14:Blood Castle 4(1,AutomaticDuringEvent);14:Blood Castle 4(1,AutomaticDuringEvent);14:Blood Castle 4(1,AutomaticDuringEvent);14:Blood Castle 4(1,AutomaticDuringEvent);14:Blood Castle 4(1,AutomaticDuringEvent);14:Blood Castle 4(1,AutomaticDuringEvent);14:Blood Castle 4(1,AutomaticDuringEvent);14:Blood Castle 4(1,AutomaticDuringEvent);14:Blood Castle 4(1,AutomaticDuringEvent)
114	Chief Skeleton Archer 4	Monster	81	20000	320	350	270	160	520	14:Blood Castle 4(1,AutomaticDuringEvent);14:Blood Castle 4(1,AutomaticDuringEvent);14:Blood Castle 4(1,AutomaticDuringEvent);14:Blood Castle 4(1,AutomaticDuringEvent);14:Blood Castle 4(1,AutomaticDuringEvent);14:Blood Castle 4(1,AutomaticDuringEvent);14:Blood Castle 4(1,AutomaticDuringEvent);14:Blood Castle 4(1,AutomaticDuringEvent);14:Blood Castle 4(1,AutomaticDuringEvent);14:Blood Castle 4(1,AutomaticDuringEvent);14:Blood Castle 4(1,AutomaticDuringEvent);14:Blood Castle 4(1,AutomaticDuringEvent);14:Blood Castle 4(1,AutomaticDuringEvent);14:Blood Castle 4(1,AutomaticDuringEvent);14:Blood Castle 4(1,AutomaticDuringEvent);14:Blood Castle 4(1,AutomaticDuringEvent);14:Blood Castle 4(1,AutomaticDuringEvent)
115	Dark Skull Soldier 4	Monster	86	25000	390	420	360	195	580	14:Blood Castle 4(1,AutomaticDuringEvent);14:Blood Castle 4(1,AutomaticDuringEvent);14:Blood Castle 4(1,AutomaticDuringEvent);14:Blood Castle 4(1,AutomaticDuringEvent);14:Blood Castle 4(1,AutomaticDuringEvent);14:Blood Castle 4(1,AutomaticDuringEvent);14:Blood Castle 4(1,AutomaticDuringEvent);14:Blood Castle 4(1,AutomaticDuringEvent);14:Blood Castle 4(1,AutomaticDuringEvent);14:Blood Castle 4(1,AutomaticDuringEvent);14:Blood Castle 4(1,AutomaticDuringEvent);14:Blood Castle 4(1,AutomaticDuringEvent);14:Blood Castle 4(1,AutomaticDuringEvent);14:Blood Castle 4(1,AutomaticDuringEvent);14:Blood Castle 4(1,AutomaticDuringEvent);14:Blood Castle 4(1,AutomaticDuringEvent);14:Blood Castle 4(1,AutomaticDuringEvent);14:Blood Castle 4(1,AutomaticDuringEvent);14:Blood Castle 4(1,AutomaticDuringEvent);14:Blood Castle 4(1,AutomaticDuringEvent);14:Blood Castle 4(1,AutomaticDuringEvent);14:Blood Castle 4(1,AutomaticDuringEvent);14:Blood Castle 4(1,AutomaticDuringEvent);14:Blood Castle 4(1,AutomaticDuringEvent)
116	Giant Ogre 4	Monster	90	32000	440	500	400	230	660	14:Blood Castle 4(1,AutomaticDuringEvent);14:Blood Castle 4(1,AutomaticDuringEvent);14:Blood Castle 4(1,AutomaticDuringEvent);14:Blood Castle 4(1,AutomaticDuringEvent);14:Blood Castle 4(1,AutomaticDuringEvent);14:Blood Castle 4(1,AutomaticDuringEvent);14:Blood Castle 4(1,AutomaticDuringEvent);14:Blood Castle 4(1,AutomaticDuringEvent);14:Blood Castle 4(1,AutomaticDuringEvent);14:Blood Castle 4(1,AutomaticDuringEvent);14:Blood Castle 4(1,AutomaticDuringEvent)
117	Red Skeleton Knight 4	Monster	94	38000	480	540	450	260	720	14:Blood Castle 4(1,AutomaticDuringEvent);14:Blood Castle 4(1,AutomaticDuringEvent);14:Blood Castle 4(1,AutomaticDuringEvent);14:Blood Castle 4(1,AutomaticDuringEvent);14:Blood Castle 4(1,AutomaticDuringEvent);14:Blood Castle 4(1,AutomaticDuringEvent);14:Blood Castle 4(1,AutomaticDuringEvent);14:Blood Castle 4(1,AutomaticDuringEvent);14:Blood Castle 4(1,AutomaticDuringEvent);14:Blood Castle 4(1,AutomaticDuringEvent);14:Blood Castle 4(1,AutomaticDuringEvent);14:Blood Castle 4(1,AutomaticDuringEvent);14:Blood Castle 4(1,AutomaticDuringEvent);14:Blood Castle 4(1,AutomaticDuringEvent);14:Blood Castle 4(1,AutomaticDuringEvent);14:Blood Castle 4(1,AutomaticDuringEvent)
118	Magic Skeleton 4	Monster	99	47000	530	580	500	280	840	14:Blood Castle 4(1,AutomaticDuringEvent);14:Blood Castle 4(1,AutomaticDuringEvent);14:Blood Castle 4(1,AutomaticDuringEvent);14:Blood Castle 4(1,AutomaticDuringEvent);14:Blood Castle 4(1,AutomaticDuringEvent);14:Blood Castle 4(1,AutomaticDuringEvent);14:Blood Castle 4(1,AutomaticDuringEvent);14:Blood Castle 4(1,AutomaticDuringEvent)
119	Chief Skeleton Warrior 5	Monster	85	23000	340	390	340	190	520	15:Blood Castle 5(1,AutomaticDuringEvent);15:Blood Castle 5(1,AutomaticDuringEvent);15:Blood Castle 5(1,AutomaticDuringEvent);15:Blood Castle 5(1,AutomaticDuringEvent);15:Blood Castle 5(1,AutomaticDuringEvent);15:Blood Castle 5(1,AutomaticDuringEvent);15:Blood Castle 5(1,AutomaticDuringEvent);15:Blood Castle 5(1,AutomaticDuringEvent);15:Blood Castle 5(1,AutomaticDuringEvent);15:Blood Castle 5(1,AutomaticDuringEvent);15:Blood Castle 5(1,AutomaticDuringEvent);15:Blood Castle 5(1,AutomaticDuringEvent);15:Blood Castle 5(1,AutomaticDuringEvent);15:Blood Castle 5(1,AutomaticDuringEvent);15:Blood Castle 5(1,AutomaticDuringEvent);15:Blood Castle 5(1,AutomaticDuringEvent);15:Blood Castle 5(1,AutomaticDuringEvent);15:Blood Castle 5(1,AutomaticDuringEvent);15:Blood Castle 5(1,AutomaticDuringEvent)
120	Chief Skeleton Archer 5	Monster	87	26000	390	430	380	200	590	15:Blood Castle 5(1,AutomaticDuringEvent);15:Blood Castle 5(1,AutomaticDuringEvent);15:Blood Castle 5(1,AutomaticDuringEvent);15:Blood Castle 5(1,AutomaticDuringEvent);15:Blood Castle 5(1,AutomaticDuringEvent);15:Blood Castle 5(1,AutomaticDuringEvent);15:Blood Castle 5(1,AutomaticDuringEvent);15:Blood Castle 5(1,AutomaticDuringEvent);15:Blood Castle 5(1,AutomaticDuringEvent);15:Blood Castle 5(1,AutomaticDuringEvent);15:Blood Castle 5(1,AutomaticDuringEvent);15:Blood Castle 5(1,AutomaticDuringEvent);15:Blood Castle 5(1,AutomaticDuringEvent);15:Blood Castle 5(1,AutomaticDuringEvent);15:Blood Castle 5(1,AutomaticDuringEvent);15:Blood Castle 5(1,AutomaticDuringEvent);15:Blood Castle 5(1,AutomaticDuringEvent)
121	Dark Skull Soldier 5	Monster	90	32000	430	480	400	230	660	15:Blood Castle 5(1,AutomaticDuringEvent);15:Blood Castle 5(1,AutomaticDuringEvent);15:Blood Castle 5(1,AutomaticDuringEvent);15:Blood Castle 5(1,AutomaticDuringEvent);15:Blood Castle 5(1,AutomaticDuringEvent);15:Blood Castle 5(1,AutomaticDuringEvent);15:Blood Castle 5(1,AutomaticDuringEvent);15:Blood Castle 5(1,AutomaticDuringEvent);15:Blood Castle 5(1,AutomaticDuringEvent);15:Blood Castle 5(1,AutomaticDuringEvent);15:Blood Castle 5(1,AutomaticDuringEvent);15:Blood Castle 5(1,AutomaticDuringEvent);15:Blood Castle 5(1,AutomaticDuringEvent);15:Blood Castle 5(1,AutomaticDuringEvent);15:Blood Castle 5(1,AutomaticDuringEvent);15:Blood Castle 5(1,AutomaticDuringEvent);15:Blood Castle 5(1,AutomaticDuringEvent);15:Blood Castle 5(1,AutomaticDuringEvent);15:Blood Castle 5(1,AutomaticDuringEvent);15:Blood Castle 5(1,AutomaticDuringEvent);15:Blood Castle 5(1,AutomaticDuringEvent);15:Blood Castle 5(1,AutomaticDuringEvent);15:Blood Castle 5(1,AutomaticDuringEvent);15:Blood Castle 5(1,AutomaticDuringEvent)
122	Giant Ogre 5	Monster	93	37000	470	520	440	250	730	15:Blood Castle 5(1,AutomaticDuringEvent);15:Blood Castle 5(1,AutomaticDuringEvent);15:Blood Castle 5(1,AutomaticDuringEvent);15:Blood Castle 5(1,AutomaticDuringEvent);15:Blood Castle 5(1,AutomaticDuringEvent);15:Blood Castle 5(1,AutomaticDuringEvent);15:Blood Castle 5(1,AutomaticDuringEvent);15:Blood Castle 5(1,AutomaticDuringEvent);15:Blood Castle 5(1,AutomaticDuringEvent);15:Blood Castle 5(1,AutomaticDuringEvent);15:Blood Castle 5(1,AutomaticDuringEvent)
123	Red Skeleton Knight 5	Monster	98	45000	510	560	490	270	800	15:Blood Castle 5(1,AutomaticDuringEvent);15:Blood Castle 5(1,AutomaticDuringEvent);15:Blood Castle 5(1,AutomaticDuringEvent);15:Blood Castle 5(1,AutomaticDuringEvent);15:Blood Castle 5(1,AutomaticDuringEvent);15:Blood Castle 5(1,AutomaticDuringEvent);15:Blood Castle 5(1,AutomaticDuringEvent);15:Blood Castle 5(1,AutomaticDuringEvent);15:Blood Castle 5(1,AutomaticDuringEvent);15:Blood Castle 5(1,AutomaticDuringEvent);15:Blood Castle 5(1,AutomaticDuringEvent);15:Blood Castle 5(1,AutomaticDuringEvent);15:Blood Castle 5(1,AutomaticDuringEvent);15:Blood Castle 5(1,AutomaticDuringEvent);15:Blood Castle 5(1,AutomaticDuringEvent);15:Blood Castle 5(1,AutomaticDuringEvent)
124	Magic Skeleton 5	Monster	102	55000	560	600	550	310	870	15:Blood Castle 5(1,AutomaticDuringEvent);15:Blood Castle 5(1,AutomaticDuringEvent);15:Blood Castle 5(1,AutomaticDuringEvent);15:Blood Castle 5(1,AutomaticDuringEvent);15:Blood Castle 5(1,AutomaticDuringEvent);15:Blood Castle 5(1,AutomaticDuringEvent);15:Blood Castle 5(1,AutomaticDuringEvent);15:Blood Castle 5(1,AutomaticDuringEvent)
125	Chief Skeleton Warrior 6	Monster	110	50000	470	510	210	370	570	16:Blood Castle 6(1,AutomaticDuringEvent);16:Blood Castle 6(1,AutomaticDuringEvent);16:Blood Castle 6(1,AutomaticDuringEvent);16:Blood Castle 6(1,AutomaticDuringEvent);16:Blood Castle 6(1,AutomaticDuringEvent);16:Blood Castle 6(1,AutomaticDuringEvent);16:Blood Castle 6(1,AutomaticDuringEvent);16:Blood Castle 6(1,AutomaticDuringEvent);16:Blood Castle 6(1,AutomaticDuringEvent);16:Blood Castle 6(1,AutomaticDuringEvent);16:Blood Castle 6(1,AutomaticDuringEvent);16:Blood Castle 6(1,AutomaticDuringEvent);16:Blood Castle 6(1,AutomaticDuringEvent);16:Blood Castle 6(1,AutomaticDuringEvent);16:Blood Castle 6(1,AutomaticDuringEvent);16:Blood Castle 6(1,AutomaticDuringEvent);16:Blood Castle 6(1,AutomaticDuringEvent);16:Blood Castle 6(1,AutomaticDuringEvent);16:Blood Castle 6(1,AutomaticDuringEvent)
126	Chief Skeleton Archer 6	Monster	112	53000	530	556	590	380	640	16:Blood Castle 6(1,AutomaticDuringEvent);16:Blood Castle 6(1,AutomaticDuringEvent);16:Blood Castle 6(1,AutomaticDuringEvent);16:Blood Castle 6(1,AutomaticDuringEvent);16:Blood Castle 6(1,AutomaticDuringEvent);16:Blood Castle 6(1,AutomaticDuringEvent);16:Blood Castle 6(1,AutomaticDuringEvent);16:Blood Castle 6(1,AutomaticDuringEvent);16:Blood Castle 6(1,AutomaticDuringEvent);16:Blood Castle 6(1,AutomaticDuringEvent);16:Blood Castle 6(1,AutomaticDuringEvent);16:Blood Castle 6(1,AutomaticDuringEvent);16:Blood Castle 6(1,AutomaticDuringEvent);16:Blood Castle 6(1,AutomaticDuringEvent);16:Blood Castle 6(1,AutomaticDuringEvent);16:Blood Castle 6(1,AutomaticDuringEvent);16:Blood Castle 6(1,AutomaticDuringEvent)
127	Dark Skull Soldier 6	Monster	118	57000	560	581	610	300	710	16:Blood Castle 6(1,AutomaticDuringEvent);16:Blood Castle 6(1,AutomaticDuringEvent);16:Blood Castle 6(1,AutomaticDuringEvent);16:Blood Castle 6(1,AutomaticDuringEvent);16:Blood Castle 6(1,AutomaticDuringEvent);16:Blood Castle 6(1,AutomaticDuringEvent);16:Blood Castle 6(1,AutomaticDuringEvent);16:Blood Castle 6(1,AutomaticDuringEvent);16:Blood Castle 6(1,AutomaticDuringEvent);16:Blood Castle 6(1,AutomaticDuringEvent);16:Blood Castle 6(1,AutomaticDuringEvent);16:Blood Castle 6(1,AutomaticDuringEvent);16:Blood Castle 6(1,AutomaticDuringEvent);16:Blood Castle 6(1,AutomaticDuringEvent);16:Blood Castle 6(1,AutomaticDuringEvent);16:Blood Castle 6(1,AutomaticDuringEvent);16:Blood Castle 6(1,AutomaticDuringEvent);16:Blood Castle 6(1,AutomaticDuringEvent);16:Blood Castle 6(1,AutomaticDuringEvent);16:Blood Castle 6(1,AutomaticDuringEvent);16:Blood Castle 6(1,AutomaticDuringEvent);16:Blood Castle 6(1,AutomaticDuringEvent);16:Blood Castle 6(1,AutomaticDuringEvent);16:Blood Castle 6(1,AutomaticDuringEvent)
128	Giant Ogre 6	Monster	120	62000	580	599	615	310	780	16:Blood Castle 6(1,AutomaticDuringEvent);16:Blood Castle 6(1,AutomaticDuringEvent);16:Blood Castle 6(1,AutomaticDuringEvent);16:Blood Castle 6(1,AutomaticDuringEvent);16:Blood Castle 6(1,AutomaticDuringEvent);16:Blood Castle 6(1,AutomaticDuringEvent);16:Blood Castle 6(1,AutomaticDuringEvent);16:Blood Castle 6(1,AutomaticDuringEvent);16:Blood Castle 6(1,AutomaticDuringEvent);16:Blood Castle 6(1,AutomaticDuringEvent);16:Blood Castle 6(1,AutomaticDuringEvent)
129	Red Skeleton Knight 6	Monster	127	70000	600	618	635	360	850	16:Blood Castle 6(1,AutomaticDuringEvent);16:Blood Castle 6(1,AutomaticDuringEvent);16:Blood Castle 6(1,AutomaticDuringEvent);16:Blood Castle 6(1,AutomaticDuringEvent);16:Blood Castle 6(1,AutomaticDuringEvent);16:Blood Castle 6(1,AutomaticDuringEvent);16:Blood Castle 6(1,AutomaticDuringEvent);16:Blood Castle 6(1,AutomaticDuringEvent);16:Blood Castle 6(1,AutomaticDuringEvent);16:Blood Castle 6(1,AutomaticDuringEvent);16:Blood Castle 6(1,AutomaticDuringEvent);16:Blood Castle 6(1,AutomaticDuringEvent);16:Blood Castle 6(1,AutomaticDuringEvent);16:Blood Castle 6(1,AutomaticDuringEvent);16:Blood Castle 6(1,AutomaticDuringEvent);16:Blood Castle 6(1,AutomaticDuringEvent)
130	Magic Skeleton 6	Monster	135	80000	634	651	680	370	920	16:Blood Castle 6(1,AutomaticDuringEvent);16:Blood Castle 6(1,AutomaticDuringEvent);16:Blood Castle 6(1,AutomaticDuringEvent);16:Blood Castle 6(1,AutomaticDuringEvent);16:Blood Castle 6(1,AutomaticDuringEvent);16:Blood Castle 6(1,AutomaticDuringEvent);16:Blood Castle 6(1,AutomaticDuringEvent);16:Blood Castle 6(1,AutomaticDuringEvent)
131	Castle Gate	Destructible	0	5000000	0	0	0	0	0	11:Blood Castle 1(1,OnceAtEventStart);12:Blood Castle 2(1,OnceAtEventStart);13:Blood Castle 3(1,OnceAtEventStart);14:Blood Castle 4(1,OnceAtEventStart);15:Blood Castle 5(1,OnceAtEventStart);16:Blood Castle 6(1,OnceAtEventStart);17:Blood Castle 7(1,OnceAtEventStart);52:Blood Castle 8(1,OnceAtEventStart)
132	Statue of Saint	Destructible	0	5000000	0	0	0	0	0	-
133	Statue of Saint	Destructible	0	5000000	0	0	0	0	0	-
134	Statue of Saint	Destructible	0	5000000	0	0	0	0	0	-
135	White Wizard	Monster	87	26000	370	410	400	200	550	-
136	Destructive Ogre Soldier	Monster	70	9500	210	240	180	125	400	-
137	Destructive Ogre Archer	Monster	74	12000	220	260	190	130	440	-
138	Chief Skeleton Warrior 7	Monster	105	29000	475	510	440	250	570	17:Blood Castle 7(1,AutomaticDuringEvent);17:Blood Castle 7(1,AutomaticDuringEvent);17:Blood Castle 7(1,AutomaticDuringEvent);17:Blood Castle 7(1,AutomaticDuringEvent);17:Blood Castle 7(1,AutomaticDuringEvent);17:Blood Castle 7(1,AutomaticDuringEvent);17:Blood Castle 7(1,AutomaticDuringEvent);17:Blood Castle 7(1,AutomaticDuringEvent);17:Blood Castle 7(1,AutomaticDuringEvent);17:Blood Castle 7(1,AutomaticDuringEvent);17:Blood Castle 7(1,AutomaticDuringEvent);17:Blood Castle 7(1,AutomaticDuringEvent);17:Blood Castle 7(1,AutomaticDuringEvent);17:Blood Castle 7(1,AutomaticDuringEvent);17:Blood Castle 7(1,AutomaticDuringEvent);17:Blood Castle 7(1,AutomaticDuringEvent);17:Blood Castle 7(1,AutomaticDuringEvent);17:Blood Castle 7(1,AutomaticDuringEvent);17:Blood Castle 7(1,AutomaticDuringEvent)
139	Chief Skeleton Archer 7	Monster	106	32000	510	555	480	260	640	17:Blood Castle 7(1,AutomaticDuringEvent);17:Blood Castle 7(1,AutomaticDuringEvent);17:Blood Castle 7(1,AutomaticDuringEvent);17:Blood Castle 7(1,AutomaticDuringEvent);17:Blood Castle 7(1,AutomaticDuringEvent);17:Blood Castle 7(1,AutomaticDuringEvent);17:Blood Castle 7(1,AutomaticDuringEvent);17:Blood Castle 7(1,AutomaticDuringEvent);17:Blood Castle 7(1,AutomaticDuringEvent);17:Blood Castle 7(1,AutomaticDuringEvent);17:Blood Castle 7(1,AutomaticDuringEvent);17:Blood Castle 7(1,AutomaticDuringEvent);17:Blood Castle 7(1,AutomaticDuringEvent);17:Blood Castle 7(1,AutomaticDuringEvent);17:Blood Castle 7(1,AutomaticDuringEvent);17:Blood Castle 7(1,AutomaticDuringEvent);17:Blood Castle 7(1,AutomaticDuringEvent)
140	Dark Skull Soldier 7	Monster	110	37000	600	650	500	300	710	17:Blood Castle 7(1,AutomaticDuringEvent);17:Blood Castle 7(1,AutomaticDuringEvent);17:Blood Castle 7(1,AutomaticDuringEvent);17:Blood Castle 7(1,AutomaticDuringEvent);17:Blood Castle 7(1,AutomaticDuringEvent);17:Blood Castle 7(1,AutomaticDuringEvent);17:Blood Castle 7(1,AutomaticDuringEvent);17:Blood Castle 7(1,AutomaticDuringEvent);17:Blood Castle 7(1,AutomaticDuringEvent);17:Blood Castle 7(1,AutomaticDuringEvent);17:Blood Castle 7(1,AutomaticDuringEvent);17:Blood Castle 7(1,AutomaticDuringEvent);17:Blood Castle 7(1,AutomaticDuringEvent);17:Blood Castle 7(1,AutomaticDuringEvent);17:Blood Castle 7(1,AutomaticDuringEvent);17:Blood Castle 7(1,AutomaticDuringEvent);17:Blood Castle 7(1,AutomaticDuringEvent);17:Blood Castle 7(1,AutomaticDuringEvent);17:Blood Castle 7(1,AutomaticDuringEvent);17:Blood Castle 7(1,AutomaticDuringEvent);17:Blood Castle 7(1,AutomaticDuringEvent);17:Blood Castle 7(1,AutomaticDuringEvent);17:Blood Castle 7(1,AutomaticDuringEvent);17:Blood Castle 7(1,AutomaticDuringEvent)
141	Giant Ogre 7	Monster	112	45000	645	690	540	310	780	17:Blood Castle 7(1,AutomaticDuringEvent);17:Blood Castle 7(1,AutomaticDuringEvent);17:Blood Castle 7(1,AutomaticDuringEvent);17:Blood Castle 7(1,AutomaticDuringEvent);17:Blood Castle 7(1,AutomaticDuringEvent);17:Blood Castle 7(1,AutomaticDuringEvent);17:Blood Castle 7(1,AutomaticDuringEvent);17:Blood Castle 7(1,AutomaticDuringEvent);17:Blood Castle 7(1,AutomaticDuringEvent);17:Blood Castle 7(1,AutomaticDuringEvent);17:Blood Castle 7(1,AutomaticDuringEvent)
142	Red Skeleton Knight 7	Monster	119	55000	780	820	600	360	850	17:Blood Castle 7(1,AutomaticDuringEvent);17:Blood Castle 7(1,AutomaticDuringEvent);17:Blood Castle 7(1,AutomaticDuringEvent);17:Blood Castle 7(1,AutomaticDuringEvent);17:Blood Castle 7(1,AutomaticDuringEvent);17:Blood Castle 7(1,AutomaticDuringEvent);17:Blood Castle 7(1,AutomaticDuringEvent);17:Blood Castle 7(1,AutomaticDuringEvent);17:Blood Castle 7(1,AutomaticDuringEvent);17:Blood Castle 7(1,AutomaticDuringEvent);17:Blood Castle 7(1,AutomaticDuringEvent);17:Blood Castle 7(1,AutomaticDuringEvent);17:Blood Castle 7(1,AutomaticDuringEvent);17:Blood Castle 7(1,AutomaticDuringEvent);17:Blood Castle 7(1,AutomaticDuringEvent);17:Blood Castle 7(1,AutomaticDuringEvent)
143	Magic Skeleton 7	Monster	125	60000	830	865	680	370	920	17:Blood Castle 7(1,AutomaticDuringEvent);17:Blood Castle 7(1,AutomaticDuringEvent);17:Blood Castle 7(1,AutomaticDuringEvent);17:Blood Castle 7(1,AutomaticDuringEvent);17:Blood Castle 7(1,AutomaticDuringEvent);17:Blood Castle 7(1,AutomaticDuringEvent);17:Blood Castle 7(1,AutomaticDuringEvent);17:Blood Castle 7(1,AutomaticDuringEvent)
144	Death Angel 1	Monster	24	740	80	87	30	24	100	24:Kalima 1(1,Automatic);24:Kalima 1(1,Automatic);24:Kalima 1(1,Automatic);24:Kalima 1(1,Automatic);24:Kalima 1(1,Automatic);24:Kalima 1(1,Automatic);24:Kalima 1(1,Automatic);24:Kalima 1(1,Automatic);24:Kalima 1(1,Automatic)
145	Death Centurion 1	Monster	33	1250	110	117	50	39	145	24:Kalima 1(1,Automatic);24:Kalima 1(1,Automatic);24:Kalima 1(1,Automatic);24:Kalima 1(1,Automatic);24:Kalima 1(1,Automatic)
146	Blood Soldier 1	Monster	21	600	70	77	25	20	88	24:Kalima 1(1,Automatic);24:Kalima 1(1,Automatic);24:Kalima 1(1,Automatic);24:Kalima 1(1,Automatic);24:Kalima 1(1,Automatic);24:Kalima 1(1,Automatic);24:Kalima 1(1,Automatic)
147	Aegis 1	Monster	17	440	55	62	17	17	75	24:Kalima 1(1,Automatic);24:Kalima 1(1,Automatic);24:Kalima 1(1,Automatic);24:Kalima 1(1,Automatic);24:Kalima 1(1,Automatic);24:Kalima 1(1,Automatic);24:Kalima 1(1,Automatic);24:Kalima 1(1,Automatic);24:Kalima 1(1,Automatic);24:Kalima 1(1,Automatic);24:Kalima 1(1,Automatic)
148	Rogue Centurion 1	Monster	19	500	60	67	20	18	80	24:Kalima 1(1,Automatic);24:Kalima 1(1,Automatic);24:Kalima 1(1,Automatic);24:Kalima 1(1,Automatic);24:Kalima 1(1,Automatic);24:Kalima 1(1,Automatic);24:Kalima 1(1,Automatic);24:Kalima 1(1,Automatic);24:Kalima 1(1,Automatic);24:Kalima 1(1,Automatic)
149	Necron 1	Monster	28	900	95	102	38	30	118	24:Kalima 1(1,Automatic);24:Kalima 1(1,Automatic);24:Kalima 1(1,Automatic);24:Kalima 1(1,Automatic);24:Kalima 1(1,Automatic);24:Kalima 1(1,Automatic);24:Kalima 1(1,Automatic);24:Kalima 1(1,Automatic)
150	Bali	Monster	52	5000	165	170	100	75	260	-
151	Soldier	Monster	58	4000	175	180	110	86	290	-
152	Gate to Kalima 1 of {0}	PassiveNpc	0	0	0	0	0	0	0	-
153	Gate to Kalima 2 of {0}	PassiveNpc	0	0	0	0	0	0	0	-
154	Gate to Kalima 3 of {0}	PassiveNpc	0	0	0	0	0	0	0	-
155	Gate to Kalima 4 of {0}	PassiveNpc	0	0	0	0	0	0	0	-
156	Gate to Kalima 5 of {0}	PassiveNpc	0	0	0	0	0	0	0	-
157	Gate to Kalima 6 of {0}	PassiveNpc	0	0	0	0	0	0	0	-
158	Gate to Kalima 7 of {0}	PassiveNpc	0	0	0	0	0	0	0	-
160	Schriker 1	Monster	40	1800	130	137	66	50	180	24:Kalima 1(1,Automatic);24:Kalima 1(1,Automatic);24:Kalima 1(1,Automatic);24:Kalima 1(1,Automatic);24:Kalima 1(1,Automatic);24:Kalima 1(1,Automatic);24:Kalima 1(1,Automatic);24:Kalima 1(1,Automatic);24:Kalima 1(1,Automatic);24:Kalima 1(1,Automatic)
161	Illusion of Kundun 1	Monster	52	3000	165	172	90	70	255	24:Kalima 1(1,Automatic)
162	Chaos Castle 1	Monster	30	700	70	90	30	20	160	18:Chaos Castle 1(1,ManuallyForEvent);18:Chaos Castle 1(1,ManuallyForEvent);18:Chaos Castle 1(1,ManuallyForEvent);18:Chaos Castle 1(1,ManuallyForEvent);18:Chaos Castle 1(1,ManuallyForEvent);18:Chaos Castle 1(1,ManuallyForEvent);18:Chaos Castle 1(1,ManuallyForEvent);18:Chaos Castle 1(1,ManuallyForEvent);18:Chaos Castle 1(1,ManuallyForEvent);18:Chaos Castle 1(1,ManuallyForEvent);18:Chaos Castle 1(1,ManuallyForEvent);18:Chaos Castle 1(1,ManuallyForEvent);18:Chaos Castle 1(1,ManuallyForEvent);18:Chaos Castle 1(1,ManuallyForEvent);18:Chaos Castle 1(1,ManuallyForEvent);18:Chaos Castle 1(1,ManuallyForEvent);18:Chaos Castle 1(1,ManuallyForEvent);18:Chaos Castle 1(1,ManuallyForEvent);18:Chaos Castle 1(1,ManuallyForEvent);18:Chaos Castle 1(1,ManuallyForEvent);18:Chaos Castle 1(1,ManuallyForEvent);18:Chaos Castle 1(1,ManuallyForEvent);18:Chaos Castle 1(1,ManuallyForEvent);18:Chaos Castle 1(1,ManuallyForEvent);18:Chaos Castle 1(1,ManuallyForEvent);18:Chaos Castle 1(1,ManuallyForEvent);18:Chaos Castle 1(1,ManuallyForEvent);18:Chaos Castle 1(1,ManuallyForEvent);18:Chaos Castle 1(1,ManuallyForEvent);18:Chaos Castle 1(1,ManuallyForEvent);18:Chaos Castle 1(1,ManuallyForEvent);18:Chaos Castle 1(1,ManuallyForEvent);18:Chaos Castle 1(1,ManuallyForEvent);18:Chaos Castle 1(1,ManuallyForEvent);18:Chaos Castle 1(1,ManuallyForEvent);18:Chaos Castle 1(1,ManuallyForEvent);18:Chaos Castle 1(1,ManuallyForEvent);18:Chaos Castle 1(1,ManuallyForEvent);18:Chaos Castle 1(1,ManuallyForEvent);18:Chaos Castle 1(1,ManuallyForEvent);18:Chaos Castle 1(1,ManuallyForEvent);18:Chaos Castle 1(1,ManuallyForEvent);18:Chaos Castle 1(1,ManuallyForEvent);18:Chaos Castle 1(1,ManuallyForEvent);18:Chaos Castle 1(1,ManuallyForEvent);18:Chaos Castle 1(1,ManuallyForEvent);18:Chaos Castle 1(1,ManuallyForEvent);18:Chaos Castle 1(1,ManuallyForEvent);18:Chaos Castle 1(1,ManuallyForEvent);18:Chaos Castle 1(1,ManuallyForEvent)
163	Chaos Castle 2	Monster	32	800	80	100	40	30	180	18:Chaos Castle 1(1,ManuallyForEvent);18:Chaos Castle 1(1,ManuallyForEvent);18:Chaos Castle 1(1,ManuallyForEvent);18:Chaos Castle 1(1,ManuallyForEvent);18:Chaos Castle 1(1,ManuallyForEvent);18:Chaos Castle 1(1,ManuallyForEvent);18:Chaos Castle 1(1,ManuallyForEvent);18:Chaos Castle 1(1,ManuallyForEvent);18:Chaos Castle 1(1,ManuallyForEvent);18:Chaos Castle 1(1,ManuallyForEvent);18:Chaos Castle 1(1,ManuallyForEvent);18:Chaos Castle 1(1,ManuallyForEvent);18:Chaos Castle 1(1,ManuallyForEvent);18:Chaos Castle 1(1,ManuallyForEvent);18:Chaos Castle 1(1,ManuallyForEvent);18:Chaos Castle 1(1,ManuallyForEvent);18:Chaos Castle 1(1,ManuallyForEvent);18:Chaos Castle 1(1,ManuallyForEvent);18:Chaos Castle 1(1,ManuallyForEvent);18:Chaos Castle 1(1,ManuallyForEvent);18:Chaos Castle 1(1,ManuallyForEvent);18:Chaos Castle 1(1,ManuallyForEvent);18:Chaos Castle 1(1,ManuallyForEvent);18:Chaos Castle 1(1,ManuallyForEvent);18:Chaos Castle 1(1,ManuallyForEvent);18:Chaos Castle 1(1,ManuallyForEvent);18:Chaos Castle 1(1,ManuallyForEvent);18:Chaos Castle 1(1,ManuallyForEvent);18:Chaos Castle 1(1,ManuallyForEvent);18:Chaos Castle 1(1,ManuallyForEvent);18:Chaos Castle 1(1,ManuallyForEvent);18:Chaos Castle 1(1,ManuallyForEvent);18:Chaos Castle 1(1,ManuallyForEvent);18:Chaos Castle 1(1,ManuallyForEvent);18:Chaos Castle 1(1,ManuallyForEvent);18:Chaos Castle 1(1,ManuallyForEvent);18:Chaos Castle 1(1,ManuallyForEvent);18:Chaos Castle 1(1,ManuallyForEvent);18:Chaos Castle 1(1,ManuallyForEvent);18:Chaos Castle 1(1,ManuallyForEvent);18:Chaos Castle 1(1,ManuallyForEvent);18:Chaos Castle 1(1,ManuallyForEvent);18:Chaos Castle 1(1,ManuallyForEvent);18:Chaos Castle 1(1,ManuallyForEvent);18:Chaos Castle 1(1,ManuallyForEvent);18:Chaos Castle 1(1,ManuallyForEvent);18:Chaos Castle 1(1,ManuallyForEvent);18:Chaos Castle 1(1,ManuallyForEvent);18:Chaos Castle 1(1,ManuallyForEvent)
164	Chaos Castle 3	Monster	40	1600	132	135	75	60	225	19:Chaos Castle 2(1,ManuallyForEvent);19:Chaos Castle 2(1,ManuallyForEvent);19:Chaos Castle 2(1,ManuallyForEvent);19:Chaos Castle 2(1,ManuallyForEvent);19:Chaos Castle 2(1,ManuallyForEvent);19:Chaos Castle 2(1,ManuallyForEvent);19:Chaos Castle 2(1,ManuallyForEvent);19:Chaos Castle 2(1,ManuallyForEvent);19:Chaos Castle 2(1,ManuallyForEvent);19:Chaos Castle 2(1,ManuallyForEvent);19:Chaos Castle 2(1,ManuallyForEvent);19:Chaos Castle 2(1,ManuallyForEvent);19:Chaos Castle 2(1,ManuallyForEvent);19:Chaos Castle 2(1,ManuallyForEvent);19:Chaos Castle 2(1,ManuallyForEvent);19:Chaos Castle 2(1,ManuallyForEvent);19:Chaos Castle 2(1,ManuallyForEvent);19:Chaos Castle 2(1,ManuallyForEvent);19:Chaos Castle 2(1,ManuallyForEvent);19:Chaos Castle 2(1,ManuallyForEvent);19:Chaos Castle 2(1,ManuallyForEvent);19:Chaos Castle 2(1,ManuallyForEvent);19:Chaos Castle 2(1,ManuallyForEvent);19:Chaos Castle 2(1,ManuallyForEvent);19:Chaos Castle 2(1,ManuallyForEvent);19:Chaos Castle 2(1,ManuallyForEvent);19:Chaos Castle 2(1,ManuallyForEvent);19:Chaos Castle 2(1,ManuallyForEvent);19:Chaos Castle 2(1,ManuallyForEvent);19:Chaos Castle 2(1,ManuallyForEvent);19:Chaos Castle 2(1,ManuallyForEvent);19:Chaos Castle 2(1,ManuallyForEvent);19:Chaos Castle 2(1,ManuallyForEvent);19:Chaos Castle 2(1,ManuallyForEvent);19:Chaos Castle 2(1,ManuallyForEvent);19:Chaos Castle 2(1,ManuallyForEvent);19:Chaos Castle 2(1,ManuallyForEvent);19:Chaos Castle 2(1,ManuallyForEvent);19:Chaos Castle 2(1,ManuallyForEvent);19:Chaos Castle 2(1,ManuallyForEvent);19:Chaos Castle 2(1,ManuallyForEvent);19:Chaos Castle 2(1,ManuallyForEvent);19:Chaos Castle 2(1,ManuallyForEvent);19:Chaos Castle 2(1,ManuallyForEvent);19:Chaos Castle 2(1,ManuallyForEvent);19:Chaos Castle 2(1,ManuallyForEvent);19:Chaos Castle 2(1,ManuallyForEvent);19:Chaos Castle 2(1,ManuallyForEvent);19:Chaos Castle 2(1,ManuallyForEvent);19:Chaos Castle 2(1,ManuallyForEvent)
165	Chaos Castle 4	Monster	45	2700	150	150	90	70	250	19:Chaos Castle 2(1,ManuallyForEvent);19:Chaos Castle 2(1,ManuallyForEvent);19:Chaos Castle 2(1,ManuallyForEvent);19:Chaos Castle 2(1,ManuallyForEvent);19:Chaos Castle 2(1,ManuallyForEvent);19:Chaos Castle 2(1,ManuallyForEvent);19:Chaos Castle 2(1,ManuallyForEvent);19:Chaos Castle 2(1,ManuallyForEvent);19:Chaos Castle 2(1,ManuallyForEvent);19:Chaos Castle 2(1,ManuallyForEvent);19:Chaos Castle 2(1,ManuallyForEvent);19:Chaos Castle 2(1,ManuallyForEvent);19:Chaos Castle 2(1,ManuallyForEvent);19:Chaos Castle 2(1,ManuallyForEvent);19:Chaos Castle 2(1,ManuallyForEvent);19:Chaos Castle 2(1,ManuallyForEvent);19:Chaos Castle 2(1,ManuallyForEvent);19:Chaos Castle 2(1,ManuallyForEvent);19:Chaos Castle 2(1,ManuallyForEvent);19:Chaos Castle 2(1,ManuallyForEvent);19:Chaos Castle 2(1,ManuallyForEvent);19:Chaos Castle 2(1,ManuallyForEvent);19:Chaos Castle 2(1,ManuallyForEvent);19:Chaos Castle 2(1,ManuallyForEvent);19:Chaos Castle 2(1,ManuallyForEvent);19:Chaos Castle 2(1,ManuallyForEvent);19:Chaos Castle 2(1,ManuallyForEvent);19:Chaos Castle 2(1,ManuallyForEvent);19:Chaos Castle 2(1,ManuallyForEvent);19:Chaos Castle 2(1,ManuallyForEvent);19:Chaos Castle 2(1,ManuallyForEvent);19:Chaos Castle 2(1,ManuallyForEvent);19:Chaos Castle 2(1,ManuallyForEvent);19:Chaos Castle 2(1,ManuallyForEvent);19:Chaos Castle 2(1,ManuallyForEvent);19:Chaos Castle 2(1,ManuallyForEvent);19:Chaos Castle 2(1,ManuallyForEvent);19:Chaos Castle 2(1,ManuallyForEvent);19:Chaos Castle 2(1,ManuallyForEvent);19:Chaos Castle 2(1,ManuallyForEvent);19:Chaos Castle 2(1,ManuallyForEvent);19:Chaos Castle 2(1,ManuallyForEvent);19:Chaos Castle 2(1,ManuallyForEvent);19:Chaos Castle 2(1,ManuallyForEvent);19:Chaos Castle 2(1,ManuallyForEvent);19:Chaos Castle 2(1,ManuallyForEvent);19:Chaos Castle 2(1,ManuallyForEvent);19:Chaos Castle 2(1,ManuallyForEvent);19:Chaos Castle 2(1,ManuallyForEvent)
166	Chaos Castle 5	Monster	54	4000	165	168	105	80	270	20:Chaos Castle 3(1,ManuallyForEvent);20:Chaos Castle 3(1,ManuallyForEvent);20:Chaos Castle 3(1,ManuallyForEvent);20:Chaos Castle 3(1,ManuallyForEvent);20:Chaos Castle 3(1,ManuallyForEvent);20:Chaos Castle 3(1,ManuallyForEvent);20:Chaos Castle 3(1,ManuallyForEvent);20:Chaos Castle 3(1,ManuallyForEvent);20:Chaos Castle 3(1,ManuallyForEvent);20:Chaos Castle 3(1,ManuallyForEvent);20:Chaos Castle 3(1,ManuallyForEvent);20:Chaos Castle 3(1,ManuallyForEvent);20:Chaos Castle 3(1,ManuallyForEvent);20:Chaos Castle 3(1,ManuallyForEvent);20:Chaos Castle 3(1,ManuallyForEvent);20:Chaos Castle 3(1,ManuallyForEvent);20:Chaos Castle 3(1,ManuallyForEvent);20:Chaos Castle 3(1,ManuallyForEvent);20:Chaos Castle 3(1,ManuallyForEvent);20:Chaos Castle 3(1,ManuallyForEvent);20:Chaos Castle 3(1,ManuallyForEvent);20:Chaos Castle 3(1,ManuallyForEvent);20:Chaos Castle 3(1,ManuallyForEvent);20:Chaos Castle 3(1,ManuallyForEvent);20:Chaos Castle 3(1,ManuallyForEvent);20:Chaos Castle 3(1,ManuallyForEvent);20:Chaos Castle 3(1,ManuallyForEvent);20:Chaos Castle 3(1,ManuallyForEvent);20:Chaos Castle 3(1,ManuallyForEvent);20:Chaos Castle 3(1,ManuallyForEvent);20:Chaos Castle 3(1,ManuallyForEvent);20:Chaos Castle 3(1,ManuallyForEvent);20:Chaos Castle 3(1,ManuallyForEvent);20:Chaos Castle 3(1,ManuallyForEvent);20:Chaos Castle 3(1,ManuallyForEvent);20:Chaos Castle 3(1,ManuallyForEvent);20:Chaos Castle 3(1,ManuallyForEvent);20:Chaos Castle 3(1,ManuallyForEvent);20:Chaos Castle 3(1,ManuallyForEvent);20:Chaos Castle 3(1,ManuallyForEvent);20:Chaos Castle 3(1,ManuallyForEvent);20:Chaos Castle 3(1,ManuallyForEvent);20:Chaos Castle 3(1,ManuallyForEvent);20:Chaos Castle 3(1,ManuallyForEvent);20:Chaos Castle 3(1,ManuallyForEvent);20:Chaos Castle 3(1,ManuallyForEvent);20:Chaos Castle 3(1,ManuallyForEvent);20:Chaos Castle 3(1,ManuallyForEvent);20:Chaos Castle 3(1,ManuallyForEvent);20:Chaos Castle 3(1,ManuallyForEvent)
167	Chaos Castle 6	Monster	60	5000	180	180	120	90	290	20:Chaos Castle 3(1,ManuallyForEvent);20:Chaos Castle 3(1,ManuallyForEvent);20:Chaos Castle 3(1,ManuallyForEvent);20:Chaos Castle 3(1,ManuallyForEvent);20:Chaos Castle 3(1,ManuallyForEvent);20:Chaos Castle 3(1,ManuallyForEvent);20:Chaos Castle 3(1,ManuallyForEvent);20:Chaos Castle 3(1,ManuallyForEvent);20:Chaos Castle 3(1,ManuallyForEvent);20:Chaos Castle 3(1,ManuallyForEvent);20:Chaos Castle 3(1,ManuallyForEvent);20:Chaos Castle 3(1,ManuallyForEvent);20:Chaos Castle 3(1,ManuallyForEvent);20:Chaos Castle 3(1,ManuallyForEvent);20:Chaos Castle 3(1,ManuallyForEvent);20:Chaos Castle 3(1,ManuallyForEvent);20:Chaos Castle 3(1,ManuallyForEvent);20:Chaos Castle 3(1,ManuallyForEvent);20:Chaos Castle 3(1,ManuallyForEvent);20:Chaos Castle 3(1,ManuallyForEvent);20:Chaos Castle 3(1,ManuallyForEvent);20:Chaos Castle 3(1,ManuallyForEvent);20:Chaos Castle 3(1,ManuallyForEvent);20:Chaos Castle 3(1,ManuallyForEvent);20:Chaos Castle 3(1,ManuallyForEvent);20:Chaos Castle 3(1,ManuallyForEvent);20:Chaos Castle 3(1,ManuallyForEvent);20:Chaos Castle 3(1,ManuallyForEvent);20:Chaos Castle 3(1,ManuallyForEvent);20:Chaos Castle 3(1,ManuallyForEvent);20:Chaos Castle 3(1,ManuallyForEvent);20:Chaos Castle 3(1,ManuallyForEvent);20:Chaos Castle 3(1,ManuallyForEvent);20:Chaos Castle 3(1,ManuallyForEvent);20:Chaos Castle 3(1,ManuallyForEvent);20:Chaos Castle 3(1,ManuallyForEvent);20:Chaos Castle 3(1,ManuallyForEvent);20:Chaos Castle 3(1,ManuallyForEvent);20:Chaos Castle 3(1,ManuallyForEvent);20:Chaos Castle 3(1,ManuallyForEvent);20:Chaos Castle 3(1,ManuallyForEvent);20:Chaos Castle 3(1,ManuallyForEvent);20:Chaos Castle 3(1,ManuallyForEvent);20:Chaos Castle 3(1,ManuallyForEvent);20:Chaos Castle 3(1,ManuallyForEvent);20:Chaos Castle 3(1,ManuallyForEvent);20:Chaos Castle 3(1,ManuallyForEvent);20:Chaos Castle 3(1,ManuallyForEvent);20:Chaos Castle 3(1,ManuallyForEvent)
168	Chaos Castle 7	Monster	65	65000	185	210	145	110	320	21:Chaos Castle 4(1,ManuallyForEvent);21:Chaos Castle 4(1,ManuallyForEvent);21:Chaos Castle 4(1,ManuallyForEvent);21:Chaos Castle 4(1,ManuallyForEvent);21:Chaos Castle 4(1,ManuallyForEvent);21:Chaos Castle 4(1,ManuallyForEvent);21:Chaos Castle 4(1,ManuallyForEvent);21:Chaos Castle 4(1,ManuallyForEvent);21:Chaos Castle 4(1,ManuallyForEvent);21:Chaos Castle 4(1,ManuallyForEvent);21:Chaos Castle 4(1,ManuallyForEvent);21:Chaos Castle 4(1,ManuallyForEvent);21:Chaos Castle 4(1,ManuallyForEvent);21:Chaos Castle 4(1,ManuallyForEvent);21:Chaos Castle 4(1,ManuallyForEvent);21:Chaos Castle 4(1,ManuallyForEvent);21:Chaos Castle 4(1,ManuallyForEvent);21:Chaos Castle 4(1,ManuallyForEvent);21:Chaos Castle 4(1,ManuallyForEvent);21:Chaos Castle 4(1,ManuallyForEvent);21:Chaos Castle 4(1,ManuallyForEvent);21:Chaos Castle 4(1,ManuallyForEvent);21:Chaos Castle 4(1,ManuallyForEvent);21:Chaos Castle 4(1,ManuallyForEvent);21:Chaos Castle 4(1,ManuallyForEvent);21:Chaos Castle 4(1,ManuallyForEvent);21:Chaos Castle 4(1,ManuallyForEvent);21:Chaos Castle 4(1,ManuallyForEvent);21:Chaos Castle 4(1,ManuallyForEvent);21:Chaos Castle 4(1,ManuallyForEvent);21:Chaos Castle 4(1,ManuallyForEvent);21:Chaos Castle 4(1,ManuallyForEvent);21:Chaos Castle 4(1,ManuallyForEvent);21:Chaos Castle 4(1,ManuallyForEvent);21:Chaos Castle 4(1,ManuallyForEvent);21:Chaos Castle 4(1,ManuallyForEvent);21:Chaos Castle 4(1,ManuallyForEvent);21:Chaos Castle 4(1,ManuallyForEvent);21:Chaos Castle 4(1,ManuallyForEvent);21:Chaos Castle 4(1,ManuallyForEvent);21:Chaos Castle 4(1,ManuallyForEvent);21:Chaos Castle 4(1,ManuallyForEvent);21:Chaos Castle 4(1,ManuallyForEvent);21:Chaos Castle 4(1,ManuallyForEvent);21:Chaos Castle 4(1,ManuallyForEvent);21:Chaos Castle 4(1,ManuallyForEvent);21:Chaos Castle 4(1,ManuallyForEvent);21:Chaos Castle 4(1,ManuallyForEvent);21:Chaos Castle 4(1,ManuallyForEvent);21:Chaos Castle 4(1,ManuallyForEvent)
169	Chaos Castle 8	Monster	68	8000	205	230	160	120	350	21:Chaos Castle 4(1,ManuallyForEvent);21:Chaos Castle 4(1,ManuallyForEvent);21:Chaos Castle 4(1,ManuallyForEvent);21:Chaos Castle 4(1,ManuallyForEvent);21:Chaos Castle 4(1,ManuallyForEvent);21:Chaos Castle 4(1,ManuallyForEvent);21:Chaos Castle 4(1,ManuallyForEvent);21:Chaos Castle 4(1,ManuallyForEvent);21:Chaos Castle 4(1,ManuallyForEvent);21:Chaos Castle 4(1,ManuallyForEvent);21:Chaos Castle 4(1,ManuallyForEvent);21:Chaos Castle 4(1,ManuallyForEvent);21:Chaos Castle 4(1,ManuallyForEvent);21:Chaos Castle 4(1,ManuallyForEvent);21:Chaos Castle 4(1,ManuallyForEvent);21:Chaos Castle 4(1,ManuallyForEvent);21:Chaos Castle 4(1,ManuallyForEvent);21:Chaos Castle 4(1,ManuallyForEvent);21:Chaos Castle 4(1,ManuallyForEvent);21:Chaos Castle 4(1,ManuallyForEvent);21:Chaos Castle 4(1,ManuallyForEvent);21:Chaos Castle 4(1,ManuallyForEvent);21:Chaos Castle 4(1,ManuallyForEvent);21:Chaos Castle 4(1,ManuallyForEvent);21:Chaos Castle 4(1,ManuallyForEvent);21:Chaos Castle 4(1,ManuallyForEvent);21:Chaos Castle 4(1,ManuallyForEvent);21:Chaos Castle 4(1,ManuallyForEvent);21:Chaos Castle 4(1,ManuallyForEvent);21:Chaos Castle 4(1,ManuallyForEvent);21:Chaos Castle 4(1,ManuallyForEvent);21:Chaos Castle 4(1,ManuallyForEvent);21:Chaos Castle 4(1,ManuallyForEvent);21:Chaos Castle 4(1,ManuallyForEvent);21:Chaos Castle 4(1,ManuallyForEvent);21:Chaos Castle 4(1,ManuallyForEvent);21:Chaos Castle 4(1,ManuallyForEvent);21:Chaos Castle 4(1,ManuallyForEvent);21:Chaos Castle 4(1,ManuallyForEvent);21:Chaos Castle 4(1,ManuallyForEvent);21:Chaos Castle 4(1,ManuallyForEvent);21:Chaos Castle 4(1,ManuallyForEvent);21:Chaos Castle 4(1,ManuallyForEvent);21:Chaos Castle 4(1,ManuallyForEvent);21:Chaos Castle 4(1,ManuallyForEvent);21:Chaos Castle 4(1,ManuallyForEvent);21:Chaos Castle 4(1,ManuallyForEvent);21:Chaos Castle 4(1,ManuallyForEvent);21:Chaos Castle 4(1,ManuallyForEvent)
170	Chaos Castle 9	Monster	70	10000	215	240	170	120	370	22:Chaos Castle 5(1,ManuallyForEvent);22:Chaos Castle 5(1,ManuallyForEvent);22:Chaos Castle 5(1,ManuallyForEvent);22:Chaos Castle 5(1,ManuallyForEvent);22:Chaos Castle 5(1,ManuallyForEvent);22:Chaos Castle 5(1,ManuallyForEvent);22:Chaos Castle 5(1,ManuallyForEvent);22:Chaos Castle 5(1,ManuallyForEvent);22:Chaos Castle 5(1,ManuallyForEvent);22:Chaos Castle 5(1,ManuallyForEvent);22:Chaos Castle 5(1,ManuallyForEvent);22:Chaos Castle 5(1,ManuallyForEvent);22:Chaos Castle 5(1,ManuallyForEvent);22:Chaos Castle 5(1,ManuallyForEvent);22:Chaos Castle 5(1,ManuallyForEvent);22:Chaos Castle 5(1,ManuallyForEvent);22:Chaos Castle 5(1,ManuallyForEvent);22:Chaos Castle 5(1,ManuallyForEvent);22:Chaos Castle 5(1,ManuallyForEvent);22:Chaos Castle 5(1,ManuallyForEvent);22:Chaos Castle 5(1,ManuallyForEvent);22:Chaos Castle 5(1,ManuallyForEvent);22:Chaos Castle 5(1,ManuallyForEvent);22:Chaos Castle 5(1,ManuallyForEvent);22:Chaos Castle 5(1,ManuallyForEvent);22:Chaos Castle 5(1,ManuallyForEvent);22:Chaos Castle 5(1,ManuallyForEvent);22:Chaos Castle 5(1,ManuallyForEvent);22:Chaos Castle 5(1,ManuallyForEvent);22:Chaos Castle 5(1,ManuallyForEvent);22:Chaos Castle 5(1,ManuallyForEvent);22:Chaos Castle 5(1,ManuallyForEvent);22:Chaos Castle 5(1,ManuallyForEvent);22:Chaos Castle 5(1,ManuallyForEvent);22:Chaos Castle 5(1,ManuallyForEvent);22:Chaos Castle 5(1,ManuallyForEvent);22:Chaos Castle 5(1,ManuallyForEvent);22:Chaos Castle 5(1,ManuallyForEvent);22:Chaos Castle 5(1,ManuallyForEvent);22:Chaos Castle 5(1,ManuallyForEvent);22:Chaos Castle 5(1,ManuallyForEvent);22:Chaos Castle 5(1,ManuallyForEvent);22:Chaos Castle 5(1,ManuallyForEvent);22:Chaos Castle 5(1,ManuallyForEvent);22:Chaos Castle 5(1,ManuallyForEvent);22:Chaos Castle 5(1,ManuallyForEvent);22:Chaos Castle 5(1,ManuallyForEvent);22:Chaos Castle 5(1,ManuallyForEvent);22:Chaos Castle 5(1,ManuallyForEvent);22:Chaos Castle 5(1,ManuallyForEvent)
171	Chaos Castle 10	Monster	75	12500	235	260	190	130	400	22:Chaos Castle 5(1,ManuallyForEvent);22:Chaos Castle 5(1,ManuallyForEvent);22:Chaos Castle 5(1,ManuallyForEvent);22:Chaos Castle 5(1,ManuallyForEvent);22:Chaos Castle 5(1,ManuallyForEvent);22:Chaos Castle 5(1,ManuallyForEvent);22:Chaos Castle 5(1,ManuallyForEvent);22:Chaos Castle 5(1,ManuallyForEvent);22:Chaos Castle 5(1,ManuallyForEvent);22:Chaos Castle 5(1,ManuallyForEvent);22:Chaos Castle 5(1,ManuallyForEvent);22:Chaos Castle 5(1,ManuallyForEvent);22:Chaos Castle 5(1,ManuallyForEvent);22:Chaos Castle 5(1,ManuallyForEvent);22:Chaos Castle 5(1,ManuallyForEvent);22:Chaos Castle 5(1,ManuallyForEvent);22:Chaos Castle 5(1,ManuallyForEvent);22:Chaos Castle 5(1,ManuallyForEvent);22:Chaos Castle 5(1,ManuallyForEvent);22:Chaos Castle 5(1,ManuallyForEvent);22:Chaos Castle 5(1,ManuallyForEvent);22:Chaos Castle 5(1,ManuallyForEvent);22:Chaos Castle 5(1,ManuallyForEvent);22:Chaos Castle 5(1,ManuallyForEvent);22:Chaos Castle 5(1,ManuallyForEvent);22:Chaos Castle 5(1,ManuallyForEvent);22:Chaos Castle 5(1,ManuallyForEvent);22:Chaos Castle 5(1,ManuallyForEvent);22:Chaos Castle 5(1,ManuallyForEvent);22:Chaos Castle 5(1,ManuallyForEvent);22:Chaos Castle 5(1,ManuallyForEvent);22:Chaos Castle 5(1,ManuallyForEvent);22:Chaos Castle 5(1,ManuallyForEvent);22:Chaos Castle 5(1,ManuallyForEvent);22:Chaos Castle 5(1,ManuallyForEvent);22:Chaos Castle 5(1,ManuallyForEvent);22:Chaos Castle 5(1,ManuallyForEvent);22:Chaos Castle 5(1,ManuallyForEvent);22:Chaos Castle 5(1,ManuallyForEvent);22:Chaos Castle 5(1,ManuallyForEvent);22:Chaos Castle 5(1,ManuallyForEvent);22:Chaos Castle 5(1,ManuallyForEvent);22:Chaos Castle 5(1,ManuallyForEvent);22:Chaos Castle 5(1,ManuallyForEvent);22:Chaos Castle 5(1,ManuallyForEvent);22:Chaos Castle 5(1,ManuallyForEvent);22:Chaos Castle 5(1,ManuallyForEvent);22:Chaos Castle 5(1,ManuallyForEvent);22:Chaos Castle 5(1,ManuallyForEvent)
172	Chaos Castle 11	Monster	76	15000	255	280	215	140	430	23:Chaos Castle 6(1,ManuallyForEvent);23:Chaos Castle 6(1,ManuallyForEvent);23:Chaos Castle 6(1,ManuallyForEvent);23:Chaos Castle 6(1,ManuallyForEvent);23:Chaos Castle 6(1,ManuallyForEvent);23:Chaos Castle 6(1,ManuallyForEvent);23:Chaos Castle 6(1,ManuallyForEvent);23:Chaos Castle 6(1,ManuallyForEvent);23:Chaos Castle 6(1,ManuallyForEvent);23:Chaos Castle 6(1,ManuallyForEvent);23:Chaos Castle 6(1,ManuallyForEvent);23:Chaos Castle 6(1,ManuallyForEvent);23:Chaos Castle 6(1,ManuallyForEvent);23:Chaos Castle 6(1,ManuallyForEvent);23:Chaos Castle 6(1,ManuallyForEvent);23:Chaos Castle 6(1,ManuallyForEvent);23:Chaos Castle 6(1,ManuallyForEvent);23:Chaos Castle 6(1,ManuallyForEvent);23:Chaos Castle 6(1,ManuallyForEvent);23:Chaos Castle 6(1,ManuallyForEvent);23:Chaos Castle 6(1,ManuallyForEvent);23:Chaos Castle 6(1,ManuallyForEvent);23:Chaos Castle 6(1,ManuallyForEvent);23:Chaos Castle 6(1,ManuallyForEvent);23:Chaos Castle 6(1,ManuallyForEvent);23:Chaos Castle 6(1,ManuallyForEvent);23:Chaos Castle 6(1,ManuallyForEvent);23:Chaos Castle 6(1,ManuallyForEvent);23:Chaos Castle 6(1,ManuallyForEvent);23:Chaos Castle 6(1,ManuallyForEvent);23:Chaos Castle 6(1,ManuallyForEvent);23:Chaos Castle 6(1,ManuallyForEvent);23:Chaos Castle 6(1,ManuallyForEvent);23:Chaos Castle 6(1,ManuallyForEvent);23:Chaos Castle 6(1,ManuallyForEvent);23:Chaos Castle 6(1,ManuallyForEvent);23:Chaos Castle 6(1,ManuallyForEvent);23:Chaos Castle 6(1,ManuallyForEvent);23:Chaos Castle 6(1,ManuallyForEvent);23:Chaos Castle 6(1,ManuallyForEvent);23:Chaos Castle 6(1,ManuallyForEvent);23:Chaos Castle 6(1,ManuallyForEvent);23:Chaos Castle 6(1,ManuallyForEvent);23:Chaos Castle 6(1,ManuallyForEvent);23:Chaos Castle 6(1,ManuallyForEvent);23:Chaos Castle 6(1,ManuallyForEvent);23:Chaos Castle 6(1,ManuallyForEvent);23:Chaos Castle 6(1,ManuallyForEvent);23:Chaos Castle 6(1,ManuallyForEvent);23:Chaos Castle 6(1,ManuallyForEvent)
173	Chaos Castle 12	Monster	80	18000	280	300	240	150	470	23:Chaos Castle 6(1,ManuallyForEvent);23:Chaos Castle 6(1,ManuallyForEvent);23:Chaos Castle 6(1,ManuallyForEvent);23:Chaos Castle 6(1,ManuallyForEvent);23:Chaos Castle 6(1,ManuallyForEvent);23:Chaos Castle 6(1,ManuallyForEvent);23:Chaos Castle 6(1,ManuallyForEvent);23:Chaos Castle 6(1,ManuallyForEvent);23:Chaos Castle 6(1,ManuallyForEvent);23:Chaos Castle 6(1,ManuallyForEvent);23:Chaos Castle 6(1,ManuallyForEvent);23:Chaos Castle 6(1,ManuallyForEvent);23:Chaos Castle 6(1,ManuallyForEvent);23:Chaos Castle 6(1,ManuallyForEvent);23:Chaos Castle 6(1,ManuallyForEvent);23:Chaos Castle 6(1,ManuallyForEvent);23:Chaos Castle 6(1,ManuallyForEvent);23:Chaos Castle 6(1,ManuallyForEvent);23:Chaos Castle 6(1,ManuallyForEvent);23:Chaos Castle 6(1,ManuallyForEvent);23:Chaos Castle 6(1,ManuallyForEvent);23:Chaos Castle 6(1,ManuallyForEvent);23:Chaos Castle 6(1,ManuallyForEvent);23:Chaos Castle 6(1,ManuallyForEvent);23:Chaos Castle 6(1,ManuallyForEvent);23:Chaos Castle 6(1,ManuallyForEvent);23:Chaos Castle 6(1,ManuallyForEvent);23:Chaos Castle 6(1,ManuallyForEvent);23:Chaos Castle 6(1,ManuallyForEvent);23:Chaos Castle 6(1,ManuallyForEvent);23:Chaos Castle 6(1,ManuallyForEvent);23:Chaos Castle 6(1,ManuallyForEvent);23:Chaos Castle 6(1,ManuallyForEvent);23:Chaos Castle 6(1,ManuallyForEvent);23:Chaos Castle 6(1,ManuallyForEvent);23:Chaos Castle 6(1,ManuallyForEvent);23:Chaos Castle 6(1,ManuallyForEvent);23:Chaos Castle 6(1,ManuallyForEvent);23:Chaos Castle 6(1,ManuallyForEvent);23:Chaos Castle 6(1,ManuallyForEvent);23:Chaos Castle 6(1,ManuallyForEvent);23:Chaos Castle 6(1,ManuallyForEvent);23:Chaos Castle 6(1,ManuallyForEvent);23:Chaos Castle 6(1,ManuallyForEvent);23:Chaos Castle 6(1,ManuallyForEvent);23:Chaos Castle 6(1,ManuallyForEvent);23:Chaos Castle 6(1,ManuallyForEvent);23:Chaos Castle 6(1,ManuallyForEvent);23:Chaos Castle 6(1,ManuallyForEvent)
174	Death Angel 2	Monster	40	1800	130	137	57	45	182	25:Kalima 2(1,Automatic);25:Kalima 2(1,Automatic);25:Kalima 2(1,Automatic);25:Kalima 2(1,Automatic);25:Kalima 2(1,Automatic);25:Kalima 2(1,Automatic);25:Kalima 2(1,Automatic);25:Kalima 2(1,Automatic);25:Kalima 2(1,Automatic)
175	Death Centurion 2	Monster	48	3000	155	162	81	58	235	25:Kalima 2(1,Automatic);25:Kalima 2(1,Automatic);25:Kalima 2(1,Automatic);25:Kalima 2(1,Automatic);25:Kalima 2(1,Automatic)
176	Blood Soldier 2	Monster	37	1400	120	127	50	40	163	25:Kalima 2(1,Automatic);25:Kalima 2(1,Automatic);25:Kalima 2(1,Automatic);25:Kalima 2(1,Automatic);25:Kalima 2(1,Automatic);25:Kalima 2(1,Automatic);25:Kalima 2(1,Automatic)
177	Aegis 2	Monster	32	1000	105	112	42	33	135	25:Kalima 2(1,Automatic);25:Kalima 2(1,Automatic);25:Kalima 2(1,Automatic);25:Kalima 2(1,Automatic);25:Kalima 2(1,Automatic);25:Kalima 2(1,Automatic);25:Kalima 2(1,Automatic);25:Kalima 2(1,Automatic);25:Kalima 2(1,Automatic);25:Kalima 2(1,Automatic);25:Kalima 2(1,Automatic)
178	Rogue Centurion 2	Monster	34	1200	112	119	45	36	147	25:Kalima 2(1,Automatic);25:Kalima 2(1,Automatic);25:Kalima 2(1,Automatic);25:Kalima 2(1,Automatic);25:Kalima 2(1,Automatic);25:Kalima 2(1,Automatic);25:Kalima 2(1,Automatic);25:Kalima 2(1,Automatic);25:Kalima 2(1,Automatic);25:Kalima 2(1,Automatic)
179	Necron 2	Monster	44	2300	140	147	68	50	205	25:Kalima 2(1,Automatic);25:Kalima 2(1,Automatic);25:Kalima 2(1,Automatic);25:Kalima 2(1,Automatic);25:Kalima 2(1,Automatic);25:Kalima 2(1,Automatic);25:Kalima 2(1,Automatic);25:Kalima 2(1,Automatic)
180	Schriker 2	Monster	53	3900	180	187	100	67	275	25:Kalima 2(1,Automatic);25:Kalima 2(1,Automatic);25:Kalima 2(1,Automatic);25:Kalima 2(1,Automatic);25:Kalima 2(1,Automatic);25:Kalima 2(1,Automatic);25:Kalima 2(1,Automatic);25:Kalima 2(1,Automatic);25:Kalima 2(1,Automatic);25:Kalima 2(1,Automatic);9:Devil Square 3(35,AutomaticDuringWave)
181	Illusion of Kundun 2	Monster	65	6000	220	227	140	100	355	25:Kalima 2(1,Automatic)
182	Death Angel 3	Monster	53	4400	175	185	105	67	273	26:Kalima 3(1,Automatic);26:Kalima 3(1,Automatic);26:Kalima 3(1,Automatic);26:Kalima 3(1,Automatic);26:Kalima 3(1,Automatic);26:Kalima 3(1,Automatic);26:Kalima 3(1,Automatic);26:Kalima 3(1,Automatic);26:Kalima 3(1,Automatic)
183	Death Centurion 3	Monster	63	6600	225	235	150	92	325	26:Kalima 3(1,Automatic);26:Kalima 3(1,Automatic);26:Kalima 3(1,Automatic);26:Kalima 3(1,Automatic);26:Kalima 3(1,Automatic)
184	Blood Soldier 3	Monster	50	3650	160	170	90	600	250	26:Kalima 3(1,Automatic);26:Kalima 3(1,Automatic);26:Kalima 3(1,Automatic);26:Kalima 3(1,Automatic);26:Kalima 3(1,Automatic);26:Kalima 3(1,Automatic);26:Kalima 3(1,Automatic)
185	Aegis 3	Monster	46	2700	145	155	73	54	220	26:Kalima 3(1,Automatic);26:Kalima 3(1,Automatic);26:Kalima 3(1,Automatic);26:Kalima 3(1,Automatic);26:Kalima 3(1,Automatic);26:Kalima 3(1,Automatic);26:Kalima 3(1,Automatic);26:Kalima 3(1,Automatic);26:Kalima 3(1,Automatic);26:Kalima 3(1,Automatic);26:Kalima 3(1,Automatic)
186	Rogue Centurion 3	Monster	48	3100	152	162	80	56	232	26:Kalima 3(1,Automatic);26:Kalima 3(1,Automatic);26:Kalima 3(1,Automatic);26:Kalima 3(1,Automatic);26:Kalima 3(1,Automatic);26:Kalima 3(1,Automatic);26:Kalima 3(1,Automatic);26:Kalima 3(1,Automatic);26:Kalima 3(1,Automatic);26:Kalima 3(1,Automatic)
187	Necron 3	Monster	58	5300	195	205	126	77	296	26:Kalima 3(1,Automatic);26:Kalima 3(1,Automatic);26:Kalima 3(1,Automatic);26:Kalima 3(1,Automatic);26:Kalima 3(1,Automatic);26:Kalima 3(1,Automatic);26:Kalima 3(1,Automatic);26:Kalima 3(1,Automatic);26:Kalima 3(1,Automatic)
188	Schriker 3	Monster	69	8400	260	270	180	110	365	26:Kalima 3(1,Automatic);26:Kalima 3(1,Automatic);26:Kalima 3(1,Automatic);26:Kalima 3(1,Automatic);26:Kalima 3(1,Automatic);26:Kalima 3(1,Automatic);26:Kalima 3(1,Automatic);26:Kalima 3(1,Automatic);26:Kalima 3(1,Automatic)
189	Illusion of Kundun 3	Monster	81	14000	350	360	255	160	460	26:Kalima 3(1,Automatic)
190	Death Angel 4	Monster	74	12000	270	295	185	120	397	27:Kalima 4(1,Automatic);27:Kalima 4(1,Automatic);27:Kalima 4(1,Automatic);27:Kalima 4(1,Automatic);27:Kalima 4(1,Automatic);27:Kalima 4(1,Automatic);27:Kalima 4(1,Automatic);27:Kalima 4(1,Automatic);27:Kalima 4(1,Automatic);32:Devil Square 5(35,AutomaticDuringWave)
191	Death Centurion 4	Monster	83	22500	350	375	255	175	500	27:Kalima 4(1,Automatic);27:Kalima 4(1,Automatic);27:Kalima 4(1,Automatic);27:Kalima 4(1,Automatic);27:Kalima 4(1,Automatic)
192	Blood Soldier 4	Monster	70	8800	245	265	165	105	360	27:Kalima 4(1,Automatic);27:Kalima 4(1,Automatic);27:Kalima 4(1,Automatic);27:Kalima 4(1,Automatic);27:Kalima 4(1,Automatic);27:Kalima 4(1,Automatic);27:Kalima 4(1,Automatic)
193	Aegis 4	Monster	62	6000	215	235	140	87	310	27:Kalima 4(1,Automatic);27:Kalima 4(1,Automatic);27:Kalima 4(1,Automatic);27:Kalima 4(1,Automatic);27:Kalima 4(1,Automatic);27:Kalima 4(1,Automatic);27:Kalima 4(1,Automatic);27:Kalima 4(1,Automatic);27:Kalima 4(1,Automatic);27:Kalima 4(1,Automatic);27:Kalima 4(1,Automatic)
194	Rogue Centurion 4	Monster	66	6900	230	250	150	95	330	27:Kalima 4(1,Automatic);27:Kalima 4(1,Automatic);27:Kalima 4(1,Automatic);27:Kalima 4(1,Automatic);27:Kalima 4(1,Automatic);27:Kalima 4(1,Automatic);27:Kalima 4(1,Automatic);27:Kalima 4(1,Automatic);27:Kalima 4(1,Automatic);27:Kalima 4(1,Automatic)
195	Necron 4	Monster	78	16000	305	330	215	145	440	27:Kalima 4(1,Automatic);27:Kalima 4(1,Automatic);27:Kalima 4(1,Automatic);27:Kalima 4(1,Automatic);27:Kalima 4(1,Automatic);27:Kalima 4(1,Automatic);27:Kalima 4(1,Automatic);27:Kalima 4(1,Automatic)
196	Schriker 4	Monster	88	30000	410	435	300	245	575	27:Kalima 4(1,Automatic);27:Kalima 4(1,Automatic);27:Kalima 4(1,Automatic);27:Kalima 4(1,Automatic);27:Kalima 4(1,Automatic);27:Kalima 4(1,Automatic);27:Kalima 4(1,Automatic);27:Kalima 4(1,Automatic);27:Kalima 4(1,Automatic);27:Kalima 4(1,Automatic)
197	Illusion of Kundun 4	Monster	100	50000	600	625	500	295	7800	27:Kalima 4(1,Automatic);32:Devil Square 6(5,OnceAtWaveStart)
200	Soccerball	SoccerBall	0	0	0	0	0	0	0	6:Arena(1,Automatic)
204	Wolf Status	Monster	2	50	15	30	70	30	10	34:Crywolf Fortress(1,OnceAtEventStart)
205	Wolf Altar1	Monster	2	50	15	30	70	30	10	34:Crywolf Fortress(1,OnceAtEventStart)
206	Wolf Altar2	Monster	2	50	15	30	70	30	10	34:Crywolf Fortress(1,OnceAtEventStart)
207	Wolf Altar3	Monster	2	50	15	30	70	30	10	34:Crywolf Fortress(1,OnceAtEventStart)
208	Wolf Altar4	Monster	2	50	15	30	70	30	10	34:Crywolf Fortress(1,OnceAtEventStart)
209	Wolf Altar5	Monster	2	50	15	30	70	30	10	34:Crywolf Fortress(1,OnceAtEventStart)
215	Shield	PassiveNpc	0	0	0	0	0	0	0	-
216	Crown	PassiveNpc	0	0	0	0	0	0	0	30:Valley of Loren(1,Automatic);30:Valley of Loren(1,Automatic)
217	Crown Switch1	PassiveNpc	0	0	0	0	0	0	0	30:Valley of Loren(1,Automatic)
218	Crown Switch2	PassiveNpc	0	0	0	0	0	0	0	30:Valley of Loren(1,Automatic)
219	Castle Gate Switch	PassiveNpc	0	0	0	0	0	0	0	-
220	Guard	Guard	2	500	15	30	70	20	30	30:Valley of Loren(1,Automatic)
221	Slingshot Attack	PassiveNpc	0	0	0	0	0	0	0	-
222	Slingshot Defense	PassiveNpc	0	0	0	0	0	0	0	-
223	Senior	PassiveNpc	0	0	0	0	0	0	0	30:Valley of Loren(1,Automatic)
224	Guardsman	PassiveNpc	0	0	0	0	0	0	0	34:Crywolf Fortress(1,Automatic);30:Valley of Loren(1,Automatic);30:Valley of Loren(1,Automatic)
226	Pet Trainer	PassiveNpc	0	0	0	0	0	0	0	0:Lorencia(1,Automatic);34:Crywolf Fortress(1,Automatic)
229	Marlon	PassiveNpc	0	0	0	0	0	0	0	0:Lorencia(1,Wandering);2:Devias(1,Wandering);3:Noria(1,Wandering);7:Atlans(1,Wandering)
230	Alex	PassiveNpc	0	0	0	0	0	0	0	0:Lorencia(1,Automatic)
231	Thompson the Merchant	PassiveNpc	0	0	0	0	0	0	0	-
232	Archangel	PassiveNpc	0	0	0	0	0	0	0	11:Blood Castle 1(1,Automatic);12:Blood Castle 2(1,Automatic);13:Blood Castle 3(1,Automatic);14:Blood Castle 4(1,Automatic);15:Blood Castle 5(1,Automatic);16:Blood Castle 6(1,Automatic);17:Blood Castle 7(1,Automatic);52:Blood Castle 8(1,Automatic)
233	Messenger of Arch.	PassiveNpc	0	0	0	0	0	0	0	2:Devias(1,Automatic);2:Devias(1,Automatic)
235	Sevina the Priestess	PassiveNpc	0	0	0	0	0	0	0	2:Devias(1,Automatic)
236	Golden Archer	PassiveNpc	0	0	0	0	0	0	0	0:Lorencia(1,Automatic)
237	Charon	PassiveNpc	0	0	0	0	0	0	0	3:Noria(1,Automatic)
238	Chaos Goblin	PassiveNpc	0	0	0	0	0	0	0	3:Noria(1,Automatic)
239	Arena Guard	PassiveNpc	0	0	0	0	0	0	0	6:Arena(1,Automatic)
240	Baz The Vault Keeper	PassiveNpc	0	0	0	0	0	0	0	0:Lorencia(1,Automatic);0:Lorencia(1,Automatic);2:Devias(1,Automatic);3:Noria(1,Automatic);4:Lost Tower(1,Automatic);6:Arena(1,Automatic);7:Atlans(1,Automatic);51:Elvenland(1,Automatic);80:Karutan 1(1,Automatic);80:Karutan 1(1,Automatic);80:Karutan 1(1,Automatic);34:Crywolf Fortress(1,Automatic)
241	Guild Master	PassiveNpc	0	0	0	0	0	0	0	2:Devias(1,Automatic)
242	Elf Lala	PassiveNpc	0	0	0	0	0	0	0	3:Noria(1,Automatic)
243	Eo the Craftsman	PassiveNpc	0	0	0	0	0	0	0	3:Noria(1,Automatic)
244	Caren the Barmaid	PassiveNpc	0	0	0	0	0	0	0	2:Devias(1,Automatic)
245	Izabel The Wizard	PassiveNpc	0	0	0	0	0	0	0	2:Devias(1,Automatic)
246	Zienna The Weapons Merchant	PassiveNpc	0	0	0	0	0	0	0	2:Devias(1,Automatic)
247	Crossbow Guard	Guard	90	10000	180	195	70	100	300	0:Lorencia(1,Automatic);2:Devias(1,Automatic);2:Devias(1,Automatic);2:Devias(1,Automatic);2:Devias(1,Automatic)
248	Wandering Merchant Martin	PassiveNpc	0	0	0	0	0	0	0	0:Lorencia(1,Wandering);34:Crywolf Fortress(1,Wandering)
249	Berdysh Guard	Guard	90	10000	180	195	70	100	300	0:Lorencia(1,Automatic);0:Lorencia(1,Automatic);0:Lorencia(1,Automatic);0:Lorencia(1,Automatic);0:Lorencia(1,Automatic)
250	Wandering Merchant Harold	PassiveNpc	0	0	0	0	0	0	0	0:Lorencia(1,Wandering)
251	Hanzo The Blacksmith	PassiveNpc	0	0	0	0	0	0	0	0:Lorencia(1,Automatic);34:Crywolf Fortress(1,Automatic)
253	Potion Girl Amy	PassiveNpc	0	0	0	0	0	0	0	0:Lorencia(1,Automatic);3:Noria(1,Automatic);3:Noria(1,Automatic);4:Lost Tower(1,Automatic)
254	Pasi The Mage	PassiveNpc	0	0	0	0	0	0	0	0:Lorencia(1,Automatic)
255	Lumen the Barmaid	PassiveNpc	0	0	0	0	0	0	0	0:Lorencia(1,Automatic)
256	Lahap	PassiveNpc	0	0	0	0	0	0	0	2:Devias(1,Automatic);51:Elvenland(1,Automatic);34:Crywolf Fortress(1,Automatic)
257	Elf Soldier	PassiveNpc	0	0	0	0	0	0	0	0:Lorencia(1,Automatic);0:Lorencia(1,Automatic);0:Lorencia(1,Automatic);0:Lorencia(1,Automatic);2:Devias(1,Automatic);3:Noria(1,Automatic);51:Elvenland(1,Automatic);51:Elvenland(1,Automatic);51:Elvenland(1,Automatic)
259	Oracle Layla	PassiveNpc	0	0	0	0	0	0	0	24:Kalima 1(1,Automatic);25:Kalima 2(1,Automatic);26:Kalima 3(1,Automatic);27:Kalima 4(1,Automatic);28:Kalima 5(1,Automatic);29:Kalima 6(1,Automatic);36:Kalima 7(1,Automatic)
260	Death Angel 5	Monster	88	31000	408	443	315	195	587	28:Kalima 5(1,Automatic);28:Kalima 5(1,Automatic);28:Kalima 5(1,Automatic);28:Kalima 5(1,Automatic);28:Kalima 5(1,Automatic);28:Kalima 5(1,Automatic);28:Kalima 5(1,Automatic);28:Kalima 5(1,Automatic);28:Kalima 5(1,Automatic)
261	Death Centurion 5	Monster	98	48000	546	581	460	250	715	28:Kalima 5(1,Automatic);28:Kalima 5(1,Automatic);28:Kalima 5(1,Automatic);28:Kalima 5(1,Automatic);28:Kalima 5(1,Automatic)
262	Blood Soldier 5	Monster	85	26000	365	395	280	177	540	28:Kalima 5(1,Automatic);28:Kalima 5(1,Automatic);28:Kalima 5(1,Automatic);28:Kalima 5(1,Automatic);28:Kalima 5(1,Automatic);28:Kalima 5(1,Automatic);28:Kalima 5(1,Automatic)
263	Aegis 5	Monster	79	18000	310	340	230	163	460	28:Kalima 5(1,Automatic);28:Kalima 5(1,Automatic);28:Kalima 5(1,Automatic);28:Kalima 5(1,Automatic);28:Kalima 5(1,Automatic);28:Kalima 5(1,Automatic);28:Kalima 5(1,Automatic);28:Kalima 5(1,Automatic);28:Kalima 5(1,Automatic);28:Kalima 5(1,Automatic);28:Kalima 5(1,Automatic)
264	Rogue Centurion 5	Monster	82	21000	335	365	250	168	490	28:Kalima 5(1,Automatic);28:Kalima 5(1,Automatic);28:Kalima 5(1,Automatic);28:Kalima 5(1,Automatic);28:Kalima 5(1,Automatic);28:Kalima 5(1,Automatic);28:Kalima 5(1,Automatic);28:Kalima 5(1,Automatic);28:Kalima 5(1,Automatic);28:Kalima 5(1,Automatic)
265	Necron 5	Monster	93	38500	470	505	370	220	642	28:Kalima 5(1,Automatic);28:Kalima 5(1,Automatic);28:Kalima 5(1,Automatic);28:Kalima 5(1,Automatic);28:Kalima 5(1,Automatic);28:Kalima 5(1,Automatic);28:Kalima 5(1,Automatic);28:Kalima 5(1,Automatic)
266	Schriker 5	Monster	105	60000	640	675	515	290	810	28:Kalima 5(1,Automatic);28:Kalima 5(1,Automatic);28:Kalima 5(1,Automatic);28:Kalima 5(1,Automatic);28:Kalima 5(1,Automatic);28:Kalima 5(1,Automatic);28:Kalima 5(1,Automatic);28:Kalima 5(1,Automatic);28:Kalima 5(1,Automatic);28:Kalima 5(1,Automatic)
267	Illusion of Kundun 5	Monster	117	100000	835	870	680	360	1000	28:Kalima 5(1,Automatic)
268	Death Angel 6	Monster	105	65000	610	645	500	275	760	29:Kalima 6(1,Automatic);29:Kalima 6(1,Automatic);29:Kalima 6(1,Automatic);29:Kalima 6(1,Automatic);29:Kalima 6(1,Automatic);29:Kalima 6(1,Automatic);29:Kalima 6(1,Automatic);29:Kalima 6(1,Automatic);29:Kalima 6(1,Automatic)
269	Death Centurion 6	Monster	114	87500	753	788	620	335	900	29:Kalima 6(1,Automatic);29:Kalima 6(1,Automatic);29:Kalima 6(1,Automatic);29:Kalima 6(1,Automatic);29:Kalima 6(1,Automatic)
270	Blood Soldier 6	Monster	101	56000	570	600	460	255	713	29:Kalima 6(1,Automatic);29:Kalima 6(1,Automatic);29:Kalima 6(1,Automatic);29:Kalima 6(1,Automatic);29:Kalima 6(1,Automatic);29:Kalima 6(1,Automatic);29:Kalima 6(1,Automatic)
271	Aegis 6	Monster	95	42000	520	550	410	230	655	29:Kalima 6(1,Automatic);29:Kalima 6(1,Automatic);29:Kalima 6(1,Automatic);29:Kalima 6(1,Automatic);29:Kalima 6(1,Automatic);29:Kalima 6(1,Automatic);29:Kalima 6(1,Automatic);29:Kalima 6(1,Automatic);29:Kalima 6(1,Automatic);29:Kalima 6(1,Automatic);29:Kalima 6(1,Automatic)
272	Rogue Centurion 6	Monster	98	48500	540	570	432	240	680	29:Kalima 6(1,Automatic);29:Kalima 6(1,Automatic);29:Kalima 6(1,Automatic);29:Kalima 6(1,Automatic);29:Kalima 6(1,Automatic);29:Kalima 6(1,Automatic);29:Kalima 6(1,Automatic);29:Kalima 6(1,Automatic);29:Kalima 6(1,Automatic);29:Kalima 6(1,Automatic)
273	Necron 6	Monster	109	75500	672	707	550	303	820	29:Kalima 6(1,Automatic);29:Kalima 6(1,Automatic);29:Kalima 6(1,Automatic);29:Kalima 6(1,Automatic);29:Kalima 6(1,Automatic);29:Kalima 6(1,Automatic);29:Kalima 6(1,Automatic);29:Kalima 6(1,Automatic)
274	Schriker 6	Monster	119	105000	850	885	710	370	1000	29:Kalima 6(1,Automatic);29:Kalima 6(1,Automatic);29:Kalima 6(1,Automatic);29:Kalima 6(1,Automatic);29:Kalima 6(1,Automatic);29:Kalima 6(1,Automatic);29:Kalima 6(1,Automatic);29:Kalima 6(1,Automatic);29:Kalima 6(1,Automatic);29:Kalima 6(1,Automatic)
275	Illusion of Kundun 7	Monster	140	140000	1070	1105	892	450	1200	36:Kalima 7(1,Automatic)
277	Castle Gate1	Gate	0	0	0	0	0	0	0	-
278	Life Stone	Statue	0	0	0	0	0	0	0	-
283	Guardian Statue	Statue	0	0	0	0	0	0	0	-
285	Guardian	Guard	0	0	0	0	0	0	0	-
286	Battle Guard1	Guard	0	0	0	0	0	0	0	-
287	Battle Guard2	Guard	0	0	0	0	0	0	0	-
288	Canon Tower	Trap	0	0	0	0	0	0	0	-
290	Lizard Warrior	Monster	78	15000	270	320	210	140	430	31:Land_of_Trials(1,Automatic);31:Land_of_Trials(1,Automatic);31:Land_of_Trials(1,Automatic);31:Land_of_Trials(1,Automatic);31:Land_of_Trials(1,Automatic);31:Land_of_Trials(1,Automatic);31:Land_of_Trials(1,Automatic);31:Land_of_Trials(1,Automatic);31:Land_of_Trials(1,Automatic);31:Land_of_Trials(1,Automatic);31:Land_of_Trials(1,Automatic);31:Land_of_Trials(1,Automatic);31:Land_of_Trials(1,Automatic);31:Land_of_Trials(1,Automatic);31:Land_of_Trials(1,Automatic);31:Land_of_Trials(1,Automatic);31:Land_of_Trials(1,Automatic);31:Land_of_Trials(1,Automatic);31:Land_of_Trials(1,Automatic);31:Land_of_Trials(1,Automatic);31:Land_of_Trials(1,Automatic);31:Land_of_Trials(1,Automatic);31:Land_of_Trials(1,Automatic);31:Land_of_Trials(1,Automatic);31:Land_of_Trials(1,Automatic);31:Land_of_Trials(1,Automatic);31:Land_of_Trials(1,Automatic);31:Land_of_Trials(1,Automatic);31:Land_of_Trials(1,Automatic);31:Land_of_Trials(1,Automatic);31:Land_of_Trials(1,Automatic);31:Land_of_Trials(1,Automatic);31:Land_of_Trials(1,Automatic);31:Land_of_Trials(1,Automatic);31:Land_of_Trials(1,Automatic);31:Land_of_Trials(1,Automatic);31:Land_of_Trials(1,Automatic);31:Land_of_Trials(1,Automatic);31:Land_of_Trials(1,Automatic);31:Land_of_Trials(1,Automatic);31:Land_of_Trials(1,Automatic);31:Land_of_Trials(1,Automatic);32:Devil Square 6(35,AutomaticDuringWave)
291	Fire Golem	Monster	102	55000	560	600	550	310	870	31:Land_of_Trials(1,Automatic);31:Land_of_Trials(1,Automatic);31:Land_of_Trials(1,Automatic);31:Land_of_Trials(1,Automatic);31:Land_of_Trials(1,Automatic);31:Land_of_Trials(1,Automatic);31:Land_of_Trials(1,Automatic);31:Land_of_Trials(1,Automatic);31:Land_of_Trials(1,Automatic);31:Land_of_Trials(1,Automatic);31:Land_of_Trials(1,Automatic);31:Land_of_Trials(1,Automatic);31:Land_of_Trials(1,Automatic);31:Land_of_Trials(1,Automatic);31:Land_of_Trials(1,Automatic);31:Land_of_Trials(1,Automatic);31:Land_of_Trials(1,Automatic);31:Land_of_Trials(1,Automatic);31:Land_of_Trials(1,Automatic);31:Land_of_Trials(1,Automatic);31:Land_of_Trials(1,Automatic);31:Land_of_Trials(1,Automatic);31:Land_of_Trials(1,Automatic);31:Land_of_Trials(1,Automatic);31:Land_of_Trials(1,Automatic);31:Land_of_Trials(1,Automatic);31:Land_of_Trials(1,Automatic);31:Land_of_Trials(1,Automatic);31:Land_of_Trials(1,Automatic);31:Land_of_Trials(1,Automatic);32:Devil Square 5(5,OnceAtWaveStart)
292	Queen Bee	Monster	92	34500	489	540	360	240	620	31:Land_of_Trials(1,Automatic);31:Land_of_Trials(1,Automatic);31:Land_of_Trials(1,Automatic);31:Land_of_Trials(1,Automatic);31:Land_of_Trials(1,Automatic);31:Land_of_Trials(1,Automatic);31:Land_of_Trials(1,Automatic);31:Land_of_Trials(1,Automatic);31:Land_of_Trials(1,Automatic);31:Land_of_Trials(1,Automatic);31:Land_of_Trials(1,Automatic);31:Land_of_Trials(1,Automatic);31:Land_of_Trials(1,Automatic);31:Land_of_Trials(1,Automatic);31:Land_of_Trials(1,Automatic);31:Land_of_Trials(1,Automatic);31:Land_of_Trials(1,Automatic);31:Land_of_Trials(1,Automatic);31:Land_of_Trials(1,Automatic);31:Land_of_Trials(1,Automatic);31:Land_of_Trials(1,Automatic);31:Land_of_Trials(1,Automatic);31:Land_of_Trials(1,Automatic);31:Land_of_Trials(1,Automatic);31:Land_of_Trials(1,Automatic);31:Land_of_Trials(1,Automatic);31:Land_of_Trials(1,Automatic);31:Land_of_Trials(1,Automatic);31:Land_of_Trials(1,Automatic);31:Land_of_Trials(1,Automatic);31:Land_of_Trials(1,Automatic);31:Land_of_Trials(1,Automatic);31:Land_of_Trials(1,Automatic);31:Land_of_Trials(1,Automatic);31:Land_of_Trials(1,Automatic);31:Land_of_Trials(1,Automatic);31:Land_of_Trials(1,Automatic);31:Land_of_Trials(1,Automatic);31:Land_of_Trials(1,Automatic);31:Land_of_Trials(1,Automatic);32:Devil Square 6(35,AutomaticDuringWave)
293	Poison Golem	Monster	84	25000	375	425	275	190	530	31:Land_of_Trials(1,Automatic);31:Land_of_Trials(1,Automatic);31:Land_of_Trials(1,Automatic);31:Land_of_Trials(1,Automatic);31:Land_of_Trials(1,Automatic);31:Land_of_Trials(1,Automatic);31:Land_of_Trials(1,Automatic);31:Land_of_Trials(1,Automatic);31:Land_of_Trials(1,Automatic);31:Land_of_Trials(1,Automatic);31:Land_of_Trials(1,Automatic);31:Land_of_Trials(1,Automatic);31:Land_of_Trials(1,Automatic);31:Land_of_Trials(1,Automatic);31:Land_of_Trials(1,Automatic);31:Land_of_Trials(1,Automatic);31:Land_of_Trials(1,Automatic);31:Land_of_Trials(1,Automatic);31:Land_of_Trials(1,Automatic);31:Land_of_Trials(1,Automatic);31:Land_of_Trials(1,Automatic);31:Land_of_Trials(1,Automatic);31:Land_of_Trials(1,Automatic);31:Land_of_Trials(1,Automatic);31:Land_of_Trials(1,Automatic);31:Land_of_Trials(1,Automatic);31:Land_of_Trials(1,Automatic);31:Land_of_Trials(1,Automatic);31:Land_of_Trials(1,Automatic);31:Land_of_Trials(1,Automatic);31:Land_of_Trials(1,Automatic);31:Land_of_Trials(1,Automatic);31:Land_of_Trials(1,Automatic);31:Land_of_Trials(1,Automatic);31:Land_of_Trials(1,Automatic);31:Land_of_Trials(1,Automatic);31:Land_of_Trials(1,Automatic);31:Land_of_Trials(1,Automatic);31:Land_of_Trials(1,Automatic);32:Devil Square 6(35,AutomaticDuringWave)
294	Axe Warrior	Monster	75	11500	255	290	195	125	385	31:Land_of_Trials(1,Automatic);31:Land_of_Trials(1,Automatic);31:Land_of_Trials(1,Automatic);31:Land_of_Trials(1,Automatic);31:Land_of_Trials(1,Automatic);31:Land_of_Trials(1,Automatic);31:Land_of_Trials(1,Automatic);31:Land_of_Trials(1,Automatic);31:Land_of_Trials(1,Automatic);31:Land_of_Trials(1,Automatic);31:Land_of_Trials(1,Automatic);31:Land_of_Trials(1,Automatic);31:Land_of_Trials(1,Automatic);31:Land_of_Trials(1,Automatic);31:Land_of_Trials(1,Automatic);31:Land_of_Trials(1,Automatic);31:Land_of_Trials(1,Automatic);31:Land_of_Trials(1,Automatic);31:Land_of_Trials(1,Automatic);31:Land_of_Trials(1,Automatic);31:Land_of_Trials(1,Automatic);31:Land_of_Trials(1,Automatic);31:Land_of_Trials(1,Automatic);31:Land_of_Trials(1,Automatic);31:Land_of_Trials(1,Automatic);31:Land_of_Trials(1,Automatic);31:Land_of_Trials(1,Automatic);31:Land_of_Trials(1,Automatic);31:Land_of_Trials(1,Automatic);31:Land_of_Trials(1,Automatic);31:Land_of_Trials(1,Automatic);31:Land_of_Trials(1,Automatic);31:Land_of_Trials(1,Automatic);31:Land_of_Trials(1,Automatic);31:Land_of_Trials(1,Automatic);31:Land_of_Trials(1,Automatic);31:Land_of_Trials(1,Automatic);31:Land_of_Trials(1,Automatic);31:Land_of_Trials(1,Automatic);31:Land_of_Trials(1,Automatic);31:Land_of_Trials(1,Automatic);31:Land_of_Trials(1,Automatic);31:Land_of_Trials(1,Automatic);31:Land_of_Trials(1,Automatic);31:Land_of_Trials(1,Automatic);31:Land_of_Trials(1,Automatic);31:Land_of_Trials(1,Automatic);9:Devil Square 4(35,AutomaticDuringWave);32:Devil Square 5(35,AutomaticDuringWave)
295	Erohim	Monster	128	3000000	1500	2000	1000	800	1500	31:Land_of_Trials(1,Automatic)
304	Witch Queen	Monster	94	38500	408	442	357	230	637	33:Aida(1,Automatic);33:Aida(1,Automatic);33:Aida(1,Automatic);33:Aida(1,Automatic);33:Aida(1,Automatic);33:Aida(1,Automatic)
305	Blue Golem	Monster	84	25000	288	322	277	170	507	33:Aida(1,Automatic);33:Aida(1,Automatic);33:Aida(1,Automatic);33:Aida(1,Automatic);33:Aida(1,Automatic);33:Aida(1,Automatic);33:Aida(1,Automatic);33:Aida(1,Automatic);33:Aida(1,Automatic);33:Aida(1,Automatic);33:Aida(1,Automatic);33:Aida(1,Automatic);33:Aida(1,Automatic);33:Aida(1,Automatic);33:Aida(1,Automatic);33:Aida(1,Automatic);33:Aida(1,Automatic);33:Aida(1,Automatic);33:Aida(1,Automatic);33:Aida(1,Automatic);33:Aida(1,Automatic);33:Aida(1,Automatic);33:Aida(1,Automatic);33:Aida(1,Automatic);33:Aida(1,Automatic);33:Aida(1,Automatic);33:Aida(1,Automatic);33:Aida(1,Automatic);33:Aida(1,Automatic);33:Aida(1,Automatic);33:Aida(1,Automatic);33:Aida(1,Automatic);33:Aida(1,Automatic);33:Aida(1,Automatic);33:Aida(1,Automatic);33:Aida(1,Automatic);33:Aida(1,Automatic);33:Aida(1,Automatic)
306	Death Rider	Monster	78	14000	260	294	222	144	402	33:Aida(1,Automatic);33:Aida(1,Automatic);33:Aida(1,Automatic);33:Aida(1,Automatic);33:Aida(1,Automatic);33:Aida(1,Automatic);33:Aida(1,Automatic);33:Aida(1,Automatic);33:Aida(1,Automatic);33:Aida(1,Automatic);33:Aida(1,Automatic);33:Aida(1,Automatic);33:Aida(1,Automatic);33:Aida(1,Automatic);33:Aida(1,Automatic);33:Aida(1,Automatic);33:Aida(1,Automatic);33:Aida(1,Automatic);33:Aida(1,Automatic);33:Aida(1,Automatic);33:Aida(1,Automatic);33:Aida(1,Automatic);33:Aida(1,Automatic);33:Aida(1,Automatic);33:Aida(1,Automatic);33:Aida(1,Automatic);33:Aida(1,Automatic);33:Aida(1,Automatic);33:Aida(1,Automatic);33:Aida(1,Automatic);33:Aida(1,Automatic);33:Aida(1,Automatic);33:Aida(1,Automatic);33:Aida(1,Automatic);33:Aida(1,Automatic);33:Aida(1,Automatic);33:Aida(1,Automatic);33:Aida(1,Automatic);33:Aida(1,Automatic)
307	Forest Orc	Monster	74	11000	258	282	197	127	390	33:Aida(1,Automatic);33:Aida(1,Automatic);33:Aida(1,Automatic);33:Aida(1,Automatic);33:Aida(1,Automatic);33:Aida(1,Automatic);33:Aida(1,Automatic);33:Aida(1,Automatic);33:Aida(1,Automatic);33:Aida(1,Automatic);33:Aida(1,Automatic);33:Aida(1,Automatic);33:Aida(1,Automatic);33:Aida(1,Automatic);33:Aida(1,Automatic);33:Aida(1,Automatic);33:Aida(1,Automatic);33:Aida(1,Automatic);33:Aida(1,Automatic);33:Aida(1,Automatic);33:Aida(1,Automatic);33:Aida(1,Automatic);33:Aida(1,Automatic);33:Aida(1,Automatic);33:Aida(1,Automatic);33:Aida(1,Automatic);33:Aida(1,Automatic);33:Aida(1,Automatic);33:Aida(1,Automatic);33:Aida(1,Automatic);33:Aida(1,Automatic);33:Aida(1,Automatic);33:Aida(1,Automatic);33:Aida(1,Automatic);33:Aida(1,Automatic);33:Aida(1,Automatic)
308	Death Tree	Monster	72	10000	248	272	187	120	362	33:Aida(1,Automatic);33:Aida(1,Automatic);33:Aida(1,Automatic);33:Aida(1,Automatic);33:Aida(1,Automatic);33:Aida(1,Automatic);33:Aida(1,Automatic);33:Aida(1,Automatic);33:Aida(1,Automatic);33:Aida(1,Automatic);33:Aida(1,Automatic);33:Aida(1,Automatic);33:Aida(1,Automatic);33:Aida(1,Automatic);33:Aida(1,Automatic);33:Aida(1,Automatic);33:Aida(1,Automatic);33:Aida(1,Automatic);33:Aida(1,Automatic);33:Aida(1,Automatic);33:Aida(1,Automatic);33:Aida(1,Automatic);33:Aida(1,Automatic);33:Aida(1,Automatic);33:Aida(1,Automatic);33:Aida(1,Automatic);33:Aida(1,Automatic);33:Aida(1,Automatic);33:Aida(1,Automatic)
309	Hell Maine	Monster	98	50000	550	600	520	300	850	33:Aida(1,Automatic);33:Aida(1,Automatic);33:Aida(1,Automatic)
310	Hammer Scout	Monster	97	45000	530	560	420	250	670	34:Crywolf Fortress(1,Automatic);34:Crywolf Fortress(1,Automatic);34:Crywolf Fortress(1,Automatic);34:Crywolf Fortress(1,Automatic);34:Crywolf Fortress(1,Automatic);34:Crywolf Fortress(1,Automatic);34:Crywolf Fortress(1,Automatic);34:Crywolf Fortress(1,Automatic);34:Crywolf Fortress(1,Automatic);34:Crywolf Fortress(1,Automatic);34:Crywolf Fortress(1,Automatic);34:Crywolf Fortress(1,Automatic);34:Crywolf Fortress(1,Automatic);34:Crywolf Fortress(1,Automatic);34:Crywolf Fortress(1,Automatic);34:Crywolf Fortress(1,Automatic);34:Crywolf Fortress(1,Automatic);34:Crywolf Fortress(1,Automatic);34:Crywolf Fortress(1,Automatic);34:Crywolf Fortress(1,Automatic);34:Crywolf Fortress(1,Automatic);34:Crywolf Fortress(1,Automatic);34:Crywolf Fortress(1,Automatic);34:Crywolf Fortress(1,Automatic);34:Crywolf Fortress(1,Automatic);34:Crywolf Fortress(1,Automatic);34:Crywolf Fortress(1,Automatic);34:Crywolf Fortress(1,Automatic);34:Crywolf Fortress(1,Automatic);34:Crywolf Fortress(1,Automatic)
311	Lance Scout	Monster	97	45000	530	560	420	250	670	34:Crywolf Fortress(1,Automatic);34:Crywolf Fortress(1,Automatic);34:Crywolf Fortress(1,Automatic);34:Crywolf Fortress(1,Automatic);34:Crywolf Fortress(1,Automatic);34:Crywolf Fortress(1,Automatic);34:Crywolf Fortress(1,Automatic);34:Crywolf Fortress(1,Automatic);34:Crywolf Fortress(1,Automatic);34:Crywolf Fortress(1,Automatic);34:Crywolf Fortress(1,Automatic);34:Crywolf Fortress(1,Automatic);34:Crywolf Fortress(1,Automatic);34:Crywolf Fortress(1,Automatic);34:Crywolf Fortress(1,Automatic);34:Crywolf Fortress(1,Automatic);34:Crywolf Fortress(1,Automatic);34:Crywolf Fortress(1,Automatic);34:Crywolf Fortress(1,Automatic);34:Crywolf Fortress(1,Automatic);34:Crywolf Fortress(1,Automatic);34:Crywolf Fortress(1,Automatic);34:Crywolf Fortress(1,Automatic);34:Crywolf Fortress(1,Automatic);34:Crywolf Fortress(1,Automatic);34:Crywolf Fortress(1,Automatic);34:Crywolf Fortress(1,Automatic);34:Crywolf Fortress(1,Automatic);34:Crywolf Fortress(1,Automatic);34:Crywolf Fortress(1,Automatic)
312	Bow Scout	Monster	97	45000	530	560	420	250	670	34:Crywolf Fortress(1,Automatic);34:Crywolf Fortress(1,Automatic);34:Crywolf Fortress(1,Automatic);34:Crywolf Fortress(1,Automatic);34:Crywolf Fortress(1,Automatic);34:Crywolf Fortress(1,Automatic);34:Crywolf Fortress(1,Automatic);34:Crywolf Fortress(1,Automatic);34:Crywolf Fortress(1,Automatic);34:Crywolf Fortress(1,Automatic);34:Crywolf Fortress(1,Automatic);34:Crywolf Fortress(1,Automatic);34:Crywolf Fortress(1,Automatic);34:Crywolf Fortress(1,Automatic);34:Crywolf Fortress(1,Automatic);34:Crywolf Fortress(1,Automatic);34:Crywolf Fortress(1,Automatic);34:Crywolf Fortress(1,Automatic);34:Crywolf Fortress(1,Automatic);34:Crywolf Fortress(1,Automatic);34:Crywolf Fortress(1,Automatic);34:Crywolf Fortress(1,Automatic);34:Crywolf Fortress(1,Automatic);34:Crywolf Fortress(1,Automatic);34:Crywolf Fortress(1,Automatic);34:Crywolf Fortress(1,Automatic)
313	Werewolf	Monster	118	110000	830	850	680	355	950	34:Crywolf Fortress(1,Automatic);34:Crywolf Fortress(1,Automatic);34:Crywolf Fortress(1,Automatic);34:Crywolf Fortress(1,Automatic);34:Crywolf Fortress(1,Automatic);34:Crywolf Fortress(1,Automatic);34:Crywolf Fortress(1,Automatic);34:Crywolf Fortress(1,Automatic);34:Crywolf Fortress(1,Automatic);34:Crywolf Fortress(1,Automatic);34:Crywolf Fortress(1,Automatic);34:Crywolf Fortress(1,Automatic);34:Crywolf Fortress(1,Automatic);34:Crywolf Fortress(1,Automatic);34:Crywolf Fortress(1,Automatic);34:Crywolf Fortress(1,Automatic);34:Crywolf Fortress(1,Automatic);34:Crywolf Fortress(1,Automatic);34:Crywolf Fortress(1,Automatic);34:Crywolf Fortress(1,Automatic);34:Crywolf Fortress(1,Automatic);34:Crywolf Fortress(1,Automatic);34:Crywolf Fortress(1,Automatic);34:Crywolf Fortress(1,Automatic)
314	Scout(Hero)	Monster	123	120000	890	910	740	370	980	34:Crywolf Fortress(1,Automatic);34:Crywolf Fortress(1,Automatic);34:Crywolf Fortress(1,Automatic);34:Crywolf Fortress(1,Automatic);34:Crywolf Fortress(1,Automatic);34:Crywolf Fortress(1,Automatic);34:Crywolf Fortress(1,Automatic);34:Crywolf Fortress(1,Automatic);34:Crywolf Fortress(1,Automatic);34:Crywolf Fortress(1,Automatic)
315	Werewolf(Hero)	Monster	127	123000	964	1015	800	397	1027	34:Crywolf Fortress(1,Automatic);34:Crywolf Fortress(1,Automatic);34:Crywolf Fortress(1,Automatic);34:Crywolf Fortress(1,Automatic);34:Crywolf Fortress(1,Automatic);34:Crywolf Fortress(1,Automatic);34:Crywolf Fortress(1,Automatic);34:Crywolf Fortress(1,Automatic);34:Crywolf Fortress(1,Automatic);34:Crywolf Fortress(1,Automatic);34:Crywolf Fortress(1,Automatic);34:Crywolf Fortress(1,Automatic);34:Crywolf Fortress(1,Automatic);34:Crywolf Fortress(1,Automatic);34:Crywolf Fortress(1,Automatic);34:Crywolf Fortress(1,Automatic);34:Crywolf Fortress(1,Automatic);34:Crywolf Fortress(1,Automatic);34:Crywolf Fortress(1,Automatic);34:Crywolf Fortress(1,Automatic);34:Crywolf Fortress(1,Automatic);34:Crywolf Fortress(1,Automatic)
316	Balram	Monster	132	140000	1075	1140	885	440	1100	34:Crywolf Fortress(1,Automatic);34:Crywolf Fortress(1,Automatic);34:Crywolf Fortress(1,Automatic);34:Crywolf Fortress(1,Automatic);34:Crywolf Fortress(1,Automatic);34:Crywolf Fortress(1,Automatic);34:Crywolf Fortress(1,Automatic);34:Crywolf Fortress(1,Automatic);34:Crywolf Fortress(1,Automatic);34:Crywolf Fortress(1,Automatic);34:Crywolf Fortress(1,Automatic);34:Crywolf Fortress(1,Automatic);34:Crywolf Fortress(1,Automatic);34:Crywolf Fortress(1,Automatic);34:Crywolf Fortress(1,Automatic)
317	Soram	Monster	134	164000	1200	1300	982	500	1173	34:Crywolf Fortress(1,Automatic);34:Crywolf Fortress(1,Automatic);34:Crywolf Fortress(1,Automatic);34:Crywolf Fortress(1,Automatic);34:Crywolf Fortress(1,Automatic);34:Crywolf Fortress(1,Automatic);34:Crywolf Fortress(1,Automatic);34:Crywolf Fortress(1,Automatic);34:Crywolf Fortress(1,Automatic);34:Crywolf Fortress(1,Automatic);34:Crywolf Fortress(1,Automatic);34:Crywolf Fortress(1,Automatic);34:Crywolf Fortress(1,Automatic);34:Crywolf Fortress(1,Automatic);34:Crywolf Fortress(1,Automatic);34:Crywolf Fortress(1,Automatic)
331	Aegis 7	Monster	111	82000	712	752	584	315	850	36:Kalima 7(1,Automatic);36:Kalima 7(1,Automatic);36:Kalima 7(1,Automatic);36:Kalima 7(1,Automatic);36:Kalima 7(1,Automatic);36:Kalima 7(1,Automatic);36:Kalima 7(1,Automatic);36:Kalima 7(1,Automatic);36:Kalima 7(1,Automatic);36:Kalima 7(1,Automatic);36:Kalima 7(1,Automatic)
332	Rogue Centurion 7	Monster	114	88000	751	791	615	330	880	36:Kalima 7(1,Automatic);36:Kalima 7(1,Automatic);36:Kalima 7(1,Automatic);36:Kalima 7(1,Automatic);36:Kalima 7(1,Automatic);36:Kalima 7(1,Automatic);36:Kalima 7(1,Automatic);36:Kalima 7(1,Automatic);36:Kalima 7(1,Automatic);36:Kalima 7(1,Automatic)
333	Blood Soldier 7	Monster	117	97300	805	845	660	345	920	36:Kalima 7(1,Automatic);36:Kalima 7(1,Automatic);36:Kalima 7(1,Automatic);36:Kalima 7(1,Automatic);36:Kalima 7(1,Automatic);36:Kalima 7(1,Automatic);36:Kalima 7(1,Automatic)
334	Death Angel 7	Monster	121	110000	870	915	720	370	960	36:Kalima 7(1,Automatic);36:Kalima 7(1,Automatic);36:Kalima 7(1,Automatic);36:Kalima 7(1,Automatic);36:Kalima 7(1,Automatic);36:Kalima 7(1,Automatic);36:Kalima 7(1,Automatic);36:Kalima 7(1,Automatic);36:Kalima 7(1,Automatic)
335	Necron 7	Monster	125	125000	951	996	783	405	1015	36:Kalima 7(1,Automatic);36:Kalima 7(1,Automatic);36:Kalima 7(1,Automatic);36:Kalima 7(1,Automatic);36:Kalima 7(1,Automatic);36:Kalima 7(1,Automatic);36:Kalima 7(1,Automatic);36:Kalima 7(1,Automatic)
336	Death Centurion 7	Monster	130	145000	1040	1085	865	440	1080	36:Kalima 7(1,Automatic);36:Kalima 7(1,Automatic);36:Kalima 7(1,Automatic);36:Kalima 7(1,Automatic);36:Kalima 7(1,Automatic)
337	Schriker 7	Monster	135	170000	1168	1213	992	485	1190	36:Kalima 7(1,Automatic);36:Kalima 7(1,Automatic);36:Kalima 7(1,Automatic);36:Kalima 7(1,Automatic);36:Kalima 7(1,Automatic);36:Kalima 7(1,Automatic);36:Kalima 7(1,Automatic);36:Kalima 7(1,Automatic);36:Kalima 7(1,Automatic);36:Kalima 7(1,Automatic)
338	Illusion of Kundun 6	Monster	140	140000	1070	1105	892	450	1200	29:Kalima 6(1,Automatic)
350	Berserker	Monster	100	44370	555	590	443	255	728	37:Kanturu_I(1,Automatic);37:Kanturu_I(1,Automatic);37:Kanturu_I(1,Automatic);37:Kanturu_I(1,Automatic);37:Kanturu_I(1,Automatic);37:Kanturu_I(1,Automatic);37:Kanturu_I(1,Automatic);37:Kanturu_I(1,Automatic);37:Kanturu_I(1,Automatic);37:Kanturu_I(1,Automatic);37:Kanturu_I(1,Automatic);37:Kanturu_I(1,Automatic);37:Kanturu_I(1,Automatic);37:Kanturu_I(1,Automatic);37:Kanturu_I(1,Automatic);37:Kanturu_I(1,Automatic);37:Kanturu_I(1,Automatic);37:Kanturu_I(1,Automatic);37:Kanturu_I(1,Automatic);37:Kanturu_I(1,Automatic);37:Kanturu_I(1,Automatic);37:Kanturu_I(1,Automatic);37:Kanturu_I(1,Automatic);37:Kanturu_I(1,Automatic);37:Kanturu_I(1,Automatic);37:Kanturu_I(1,Automatic);37:Kanturu_I(1,Automatic);37:Kanturu_I(1,Automatic)
351	Splinter Wolf	Monster	80	16000	310	340	230	163	460	37:Kanturu_I(1,Automatic);37:Kanturu_I(1,Automatic);37:Kanturu_I(1,Automatic);37:Kanturu_I(1,Automatic);37:Kanturu_I(1,Automatic);37:Kanturu_I(1,Automatic);37:Kanturu_I(1,Automatic);37:Kanturu_I(1,Automatic);37:Kanturu_I(1,Automatic);37:Kanturu_I(1,Automatic);37:Kanturu_I(1,Automatic);37:Kanturu_I(1,Automatic);37:Kanturu_I(1,Automatic);37:Kanturu_I(1,Automatic);37:Kanturu_I(1,Automatic);37:Kanturu_I(1,Automatic);37:Kanturu_I(1,Automatic);37:Kanturu_I(1,Automatic);37:Kanturu_I(1,Automatic);37:Kanturu_I(1,Automatic);37:Kanturu_I(1,Automatic);37:Kanturu_I(1,Automatic)
352	Iron Rider	Monster	82	18000	335	365	250	168	490	37:Kanturu_I(1,Automatic);37:Kanturu_I(1,Automatic);37:Kanturu_I(1,Automatic);37:Kanturu_I(1,Automatic);37:Kanturu_I(1,Automatic);37:Kanturu_I(1,Automatic);37:Kanturu_I(1,Automatic);37:Kanturu_I(1,Automatic);37:Kanturu_I(1,Automatic);37:Kanturu_I(1,Automatic);37:Kanturu_I(1,Automatic);37:Kanturu_I(1,Automatic);37:Kanturu_I(1,Automatic);37:Kanturu_I(1,Automatic);37:Kanturu_I(1,Automatic);37:Kanturu_I(1,Automatic);37:Kanturu_I(1,Automatic);37:Kanturu_I(1,Automatic);37:Kanturu_I(1,Automatic);37:Kanturu_I(1,Automatic);37:Kanturu_I(1,Automatic)
353	Satyros	Monster	85	22000	365	395	280	177	540	37:Kanturu_I(1,Automatic);37:Kanturu_I(1,Automatic);37:Kanturu_I(1,Automatic);37:Kanturu_I(1,Automatic);37:Kanturu_I(1,Automatic);37:Kanturu_I(1,Automatic);37:Kanturu_I(1,Automatic);37:Kanturu_I(1,Automatic);37:Kanturu_I(1,Automatic);37:Kanturu_I(1,Automatic);37:Kanturu_I(1,Automatic);37:Kanturu_I(1,Automatic);37:Kanturu_I(1,Automatic);37:Kanturu_I(1,Automatic);37:Kanturu_I(1,Automatic);37:Kanturu_I(1,Automatic);37:Kanturu_I(1,Automatic);37:Kanturu_I(1,Automatic);37:Kanturu_I(1,Automatic);37:Kanturu_I(1,Automatic);37:Kanturu_I(1,Automatic);37:Kanturu_I(1,Automatic);37:Kanturu_I(1,Automatic);37:Kanturu_I(1,Automatic);37:Kanturu_I(1,Automatic)
354	Blade Hunter	Monster	88	32000	408	443	315	195	587	37:Kanturu_I(1,Automatic);37:Kanturu_I(1,Automatic);37:Kanturu_I(1,Automatic);37:Kanturu_I(1,Automatic);37:Kanturu_I(1,Automatic);37:Kanturu_I(1,Automatic);37:Kanturu_I(1,Automatic);37:Kanturu_I(1,Automatic);37:Kanturu_I(1,Automatic);37:Kanturu_I(1,Automatic);37:Kanturu_I(1,Automatic);37:Kanturu_I(1,Automatic);37:Kanturu_I(1,Automatic);37:Kanturu_I(1,Automatic);37:Kanturu_I(1,Automatic);37:Kanturu_I(1,Automatic);37:Kanturu_I(1,Automatic);37:Kanturu_I(1,Automatic);37:Kanturu_I(1,Automatic);37:Kanturu_I(1,Automatic);37:Kanturu_I(1,Automatic);37:Kanturu_I(1,Automatic)
355	Kentauros	Monster	93	38500	470	505	370	220	645	37:Kanturu_I(1,Automatic);37:Kanturu_I(1,Automatic);37:Kanturu_I(1,Automatic);37:Kanturu_I(1,Automatic);37:Kanturu_I(1,Automatic);37:Kanturu_I(1,Automatic);37:Kanturu_I(1,Automatic);37:Kanturu_I(1,Automatic);37:Kanturu_I(1,Automatic);37:Kanturu_I(1,Automatic);37:Kanturu_I(1,Automatic);37:Kanturu_I(1,Automatic);37:Kanturu_I(1,Automatic)
356	Gigantis	Monster	98	43000	546	581	430	250	715	37:Kanturu_I(1,Automatic);37:Kanturu_I(1,Automatic);37:Kanturu_I(1,Automatic);37:Kanturu_I(1,Automatic);37:Kanturu_I(1,Automatic);37:Kanturu_I(1,Automatic);37:Kanturu_I(1,Automatic);37:Kanturu_I(1,Automatic);37:Kanturu_I(1,Automatic)
357	Genocider	Monster	105	48500	640	675	515	290	810	37:Kanturu_I(1,Automatic);37:Kanturu_I(1,Automatic);37:Kanturu_I(1,Automatic);37:Kanturu_I(1,Automatic);37:Kanturu_I(1,Automatic);37:Kanturu_I(1,Automatic);37:Kanturu_I(1,Automatic);37:Kanturu_I(1,Automatic);37:Kanturu_I(1,Automatic);37:Kanturu_I(1,Automatic);37:Kanturu_I(1,Automatic)
358	Persona	Monster	118	68000	1168	1213	615	485	1190	38:Kanturu_III(1,Automatic);38:Kanturu_III(1,Automatic);38:Kanturu_III(1,Automatic);38:Kanturu_III(1,Automatic);38:Kanturu_III(1,Automatic);38:Kanturu_III(1,Automatic);38:Kanturu_III(1,Automatic);38:Kanturu_III(1,Automatic);38:Kanturu_III(1,Automatic);38:Kanturu_III(1,Automatic);38:Kanturu_III(1,Automatic);38:Kanturu_III(1,Automatic);38:Kanturu_III(1,Automatic);38:Kanturu_III(1,Automatic);38:Kanturu_III(1,Automatic);38:Kanturu_III(1,Automatic);38:Kanturu_III(1,Automatic);38:Kanturu_III(1,Automatic);38:Kanturu_III(1,Automatic);38:Kanturu_III(1,Automatic);38:Kanturu_III(1,Automatic);38:Kanturu_III(1,Automatic);38:Kanturu_III(1,Automatic);38:Kanturu_III(1,Automatic);38:Kanturu_III(1,Automatic);38:Kanturu_III(1,Automatic);38:Kanturu_III(1,Automatic)
359	Twin Tale	Monster	117	87500	830	1085	865	440	1080	38:Kanturu_III(1,Automatic);38:Kanturu_III(1,Automatic);38:Kanturu_III(1,Automatic);38:Kanturu_III(1,Automatic);38:Kanturu_III(1,Automatic);38:Kanturu_III(1,Automatic);38:Kanturu_III(1,Automatic);38:Kanturu_III(1,Automatic);38:Kanturu_III(1,Automatic);38:Kanturu_III(1,Automatic);38:Kanturu_III(1,Automatic);38:Kanturu_III(1,Automatic);38:Kanturu_III(1,Automatic);38:Kanturu_III(1,Automatic);38:Kanturu_III(1,Automatic);38:Kanturu_III(1,Automatic);38:Kanturu_III(1,Automatic);38:Kanturu_III(1,Automatic);38:Kanturu_III(1,Automatic);38:Kanturu_III(1,Automatic);38:Kanturu_III(1,Automatic);38:Kanturu_III(1,Automatic);38:Kanturu_III(1,Automatic);38:Kanturu_III(1,Automatic)
360	Dreadfear	Monster	119	94000	946	996	783	906	1015	38:Kanturu_III(1,Automatic);38:Kanturu_III(1,Automatic);38:Kanturu_III(1,Automatic);38:Kanturu_III(1,Automatic);38:Kanturu_III(1,Automatic);38:Kanturu_III(1,Automatic);38:Kanturu_III(1,Automatic);38:Kanturu_III(1,Automatic);38:Kanturu_III(1,Automatic);38:Kanturu_III(1,Automatic);38:Kanturu_III(1,Automatic);38:Kanturu_III(1,Automatic)
367	Gateway Machine	PassiveNpc	0	0	0	0	0	0	0	38:Kanturu_III(1,Automatic)
368	Elphis	PassiveNpc	0	0	0	0	0	0	0	39:Kanturu Event(1,Automatic)
369	Osbourne	PassiveNpc	0	0	0	0	0	0	0	33:Aida(1,Automatic)
370	Jerridon	PassiveNpc	0	0	0	0	0	0	0	33:Aida(1,Automatic)
371	Leo The Helper	PassiveNpc	0	0	0	0	0	0	0	0:Lorencia(1,Automatic)
372	Elite Skill Soldier	PassiveNpc	0	0	0	0	0	0	0	-
375	Chaos Card Master	PassiveNpc	0	0	0	0	0	0	0	0:Lorencia(1,Automatic)
376	Pamela the Supplier	PassiveNpc	0	0	0	0	0	0	0	30:Valley of Loren(1,Automatic)
377	Angela the Supplier	PassiveNpc	0	0	0	0	0	0	0	30:Valley of Loren(1,Automatic)
378	GameMaster	PassiveNpc	0	0	0	0	0	0	0	-
379	Fireworks Girl	PassiveNpc	0	0	0	0	0	0	0	2:Devias(1,Automatic)
380	Stone Statue	Statue	0	0	0	0	0	0	0	-
381	MU Allies General	PassiveNpc	0	0	0	0	0	0	0	-
382	Illusion Elder	PassiveNpc	0	0	0	0	0	0	0	-
383	Alliance Item Storage	PassiveNpc	0	0	0	0	0	0	0	-
384	Illusion Item Storage	PassiveNpc	0	0	0	0	0	0	0	-
385	Mirage	PassiveNpc	0	0	0	0	0	0	0	2:Devias(1,Automatic);51:Elvenland(1,Automatic)
404	MU Allies	PassiveNpc	0	0	0	0	0	0	0	-
405	Illusion Sorcerer	PassiveNpc	0	0	0	0	0	0	0	-
406	Priest Devin	PassiveNpc	0	0	0	0	0	0	0	2:Devias(1,Automatic);34:Crywolf Fortress(1,Automatic)
407	Werewolf Quarrel	PassiveNpc	0	0	0	0	0	0	0	34:Crywolf Fortress(1,Automatic)
408	Gatekeeper	PassiveNpc	0	0	0	0	0	0	0	41:Barracks of Balgass(1,Automatic)
409	Balram (Trainee Soldier)	Monster	117	75000	550	650	480	370	1200	41:Barracks of Balgass(1,Automatic);41:Barracks of Balgass(1,Automatic);41:Barracks of Balgass(1,Automatic);41:Barracks of Balgass(1,Automatic);41:Barracks of Balgass(1,Automatic);41:Barracks of Balgass(1,Automatic);41:Barracks of Balgass(1,Automatic);41:Barracks of Balgass(1,Automatic);41:Barracks of Balgass(1,Automatic);41:Barracks of Balgass(1,Automatic)
410	Death Spirit (Trainee Soldier)	Monster	119	85000	580	680	490	390	1200	41:Barracks of Balgass(1,Automatic);41:Barracks of Balgass(1,Automatic);41:Barracks of Balgass(1,Automatic);41:Barracks of Balgass(1,Automatic);41:Barracks of Balgass(1,Automatic);41:Barracks of Balgass(1,Automatic);41:Barracks of Balgass(1,Automatic);41:Barracks of Balgass(1,Automatic);41:Barracks of Balgass(1,Automatic);41:Barracks of Balgass(1,Automatic);42:Balgass Refuge(1,Automatic);42:Balgass Refuge(1,Automatic);42:Balgass Refuge(1,Automatic);42:Balgass Refuge(1,Automatic)
411	Soram (Trainee Soldier)	Monster	119	90000	600	700	500	390	1200	41:Barracks of Balgass(1,Automatic);41:Barracks of Balgass(1,Automatic);41:Barracks of Balgass(1,Automatic);41:Barracks of Balgass(1,Automatic);41:Barracks of Balgass(1,Automatic);41:Barracks of Balgass(1,Automatic);41:Barracks of Balgass(1,Automatic);41:Barracks of Balgass(1,Automatic);41:Barracks of Balgass(1,Automatic);42:Balgass Refuge(1,Automatic);42:Balgass Refuge(1,Automatic);42:Balgass Refuge(1,Automatic);42:Balgass Refuge(1,Automatic)
412	Dark Elf (Trainee Soldier)	Monster	128	1500000	800	900	900	400	1500	42:Balgass Refuge(1,Automatic)
415	Silvia	PassiveNpc	0	0	0	0	0	0	0	51:Elvenland(1,Automatic)
416	Rhea	PassiveNpc	0	0	0	0	0	0	0	51:Elvenland(1,Automatic)
417	Marce	PassiveNpc	0	0	0	0	0	0	0	51:Elvenland(1,Automatic)
418	Strange Rabbit	Monster	4	110	9	12	11	103	103	51:Elvenland(80,Automatic)
419	Polluted Butterfly	Monster	13	170	13	18	15	121	121	51:Elvenland(45,Automatic)
420	Hideous Rabbit	Monster	19	210	16	21	17	133	133	51:Elvenland(45,Automatic)
421	Werewolf	Monster	24	244	18	24	19	143	143	51:Elvenland(30,Automatic)
422	Cursed Lich	Monster	30	285	20	28	22	154	154	51:Elvenland(30,Automatic)
423	Totem Golem	Monster	36	327	23	31	24	166	166	51:Elvenland(20,Automatic)
424	Grizzly	Monster	43	376	26	35	27	180	180	51:Elvenland(20,Automatic)
425	Captain Grizzly	Monster	48	411	28	38	30	190	190	51:Elvenland(20,Automatic)
426	Chaos Castle 13	Monster	111	20000	300	345	245	1900	480	53:Chaos Castle 7(1,ManuallyForEvent);53:Chaos Castle 7(1,ManuallyForEvent);53:Chaos Castle 7(1,ManuallyForEvent);53:Chaos Castle 7(1,ManuallyForEvent);53:Chaos Castle 7(1,ManuallyForEvent);53:Chaos Castle 7(1,ManuallyForEvent);53:Chaos Castle 7(1,ManuallyForEvent);53:Chaos Castle 7(1,ManuallyForEvent);53:Chaos Castle 7(1,ManuallyForEvent);53:Chaos Castle 7(1,ManuallyForEvent);53:Chaos Castle 7(1,ManuallyForEvent);53:Chaos Castle 7(1,ManuallyForEvent);53:Chaos Castle 7(1,ManuallyForEvent);53:Chaos Castle 7(1,ManuallyForEvent);53:Chaos Castle 7(1,ManuallyForEvent);53:Chaos Castle 7(1,ManuallyForEvent);53:Chaos Castle 7(1,ManuallyForEvent);53:Chaos Castle 7(1,ManuallyForEvent);53:Chaos Castle 7(1,ManuallyForEvent);53:Chaos Castle 7(1,ManuallyForEvent);53:Chaos Castle 7(1,ManuallyForEvent);53:Chaos Castle 7(1,ManuallyForEvent);53:Chaos Castle 7(1,ManuallyForEvent);53:Chaos Castle 7(1,ManuallyForEvent);53:Chaos Castle 7(1,ManuallyForEvent);53:Chaos Castle 7(1,ManuallyForEvent);53:Chaos Castle 7(1,ManuallyForEvent);53:Chaos Castle 7(1,ManuallyForEvent);53:Chaos Castle 7(1,ManuallyForEvent);53:Chaos Castle 7(1,ManuallyForEvent);53:Chaos Castle 7(1,ManuallyForEvent);53:Chaos Castle 7(1,ManuallyForEvent);53:Chaos Castle 7(1,ManuallyForEvent);53:Chaos Castle 7(1,ManuallyForEvent);53:Chaos Castle 7(1,ManuallyForEvent);53:Chaos Castle 7(1,ManuallyForEvent);53:Chaos Castle 7(1,ManuallyForEvent);53:Chaos Castle 7(1,ManuallyForEvent);53:Chaos Castle 7(1,ManuallyForEvent);53:Chaos Castle 7(1,ManuallyForEvent);53:Chaos Castle 7(1,ManuallyForEvent);53:Chaos Castle 7(1,ManuallyForEvent);53:Chaos Castle 7(1,ManuallyForEvent);53:Chaos Castle 7(1,ManuallyForEvent);53:Chaos Castle 7(1,ManuallyForEvent);53:Chaos Castle 7(1,ManuallyForEvent);53:Chaos Castle 7(1,ManuallyForEvent);53:Chaos Castle 7(1,ManuallyForEvent);53:Chaos Castle 7(1,ManuallyForEvent);53:Chaos Castle 7(1,ManuallyForEvent)
427	Chaos Castle 14	Monster	114	23000	330	380	280	190	480	53:Chaos Castle 7(1,ManuallyForEvent);53:Chaos Castle 7(1,ManuallyForEvent);53:Chaos Castle 7(1,ManuallyForEvent);53:Chaos Castle 7(1,ManuallyForEvent);53:Chaos Castle 7(1,ManuallyForEvent);53:Chaos Castle 7(1,ManuallyForEvent);53:Chaos Castle 7(1,ManuallyForEvent);53:Chaos Castle 7(1,ManuallyForEvent);53:Chaos Castle 7(1,ManuallyForEvent);53:Chaos Castle 7(1,ManuallyForEvent);53:Chaos Castle 7(1,ManuallyForEvent);53:Chaos Castle 7(1,ManuallyForEvent);53:Chaos Castle 7(1,ManuallyForEvent);53:Chaos Castle 7(1,ManuallyForEvent);53:Chaos Castle 7(1,ManuallyForEvent);53:Chaos Castle 7(1,ManuallyForEvent);53:Chaos Castle 7(1,ManuallyForEvent);53:Chaos Castle 7(1,ManuallyForEvent);53:Chaos Castle 7(1,ManuallyForEvent);53:Chaos Castle 7(1,ManuallyForEvent);53:Chaos Castle 7(1,ManuallyForEvent);53:Chaos Castle 7(1,ManuallyForEvent);53:Chaos Castle 7(1,ManuallyForEvent);53:Chaos Castle 7(1,ManuallyForEvent);53:Chaos Castle 7(1,ManuallyForEvent);53:Chaos Castle 7(1,ManuallyForEvent);53:Chaos Castle 7(1,ManuallyForEvent);53:Chaos Castle 7(1,ManuallyForEvent);53:Chaos Castle 7(1,ManuallyForEvent);53:Chaos Castle 7(1,ManuallyForEvent);53:Chaos Castle 7(1,ManuallyForEvent);53:Chaos Castle 7(1,ManuallyForEvent);53:Chaos Castle 7(1,ManuallyForEvent);53:Chaos Castle 7(1,ManuallyForEvent);53:Chaos Castle 7(1,ManuallyForEvent);53:Chaos Castle 7(1,ManuallyForEvent);53:Chaos Castle 7(1,ManuallyForEvent);53:Chaos Castle 7(1,ManuallyForEvent);53:Chaos Castle 7(1,ManuallyForEvent);53:Chaos Castle 7(1,ManuallyForEvent);53:Chaos Castle 7(1,ManuallyForEvent);53:Chaos Castle 7(1,ManuallyForEvent);53:Chaos Castle 7(1,ManuallyForEvent);53:Chaos Castle 7(1,ManuallyForEvent);53:Chaos Castle 7(1,ManuallyForEvent);53:Chaos Castle 7(1,ManuallyForEvent);53:Chaos Castle 7(1,ManuallyForEvent);53:Chaos Castle 7(1,ManuallyForEvent);53:Chaos Castle 7(1,ManuallyForEvent)
428	Chief Skeleton Warrior 8	Monster	114	173500	745	800	600	426	640	52:Blood Castle 8(1,AutomaticDuringEvent);52:Blood Castle 8(1,AutomaticDuringEvent);52:Blood Castle 8(1,AutomaticDuringEvent);52:Blood Castle 8(1,AutomaticDuringEvent);52:Blood Castle 8(1,AutomaticDuringEvent);52:Blood Castle 8(1,AutomaticDuringEvent);52:Blood Castle 8(1,AutomaticDuringEvent);52:Blood Castle 8(1,AutomaticDuringEvent);52:Blood Castle 8(1,AutomaticDuringEvent);52:Blood Castle 8(1,AutomaticDuringEvent);52:Blood Castle 8(1,AutomaticDuringEvent);52:Blood Castle 8(1,AutomaticDuringEvent);52:Blood Castle 8(1,AutomaticDuringEvent);52:Blood Castle 8(1,AutomaticDuringEvent);52:Blood Castle 8(1,AutomaticDuringEvent);52:Blood Castle 8(1,AutomaticDuringEvent);52:Blood Castle 8(1,AutomaticDuringEvent);52:Blood Castle 8(1,AutomaticDuringEvent);52:Blood Castle 8(1,AutomaticDuringEvent)
429	Chief Skeleton Archer 8	Monster	117	175000	825	872	615	440	690	52:Blood Castle 8(1,AutomaticDuringEvent);52:Blood Castle 8(1,AutomaticDuringEvent);52:Blood Castle 8(1,AutomaticDuringEvent);52:Blood Castle 8(1,AutomaticDuringEvent);52:Blood Castle 8(1,AutomaticDuringEvent);52:Blood Castle 8(1,AutomaticDuringEvent);52:Blood Castle 8(1,AutomaticDuringEvent);52:Blood Castle 8(1,AutomaticDuringEvent);52:Blood Castle 8(1,AutomaticDuringEvent);52:Blood Castle 8(1,AutomaticDuringEvent);52:Blood Castle 8(1,AutomaticDuringEvent);52:Blood Castle 8(1,AutomaticDuringEvent);52:Blood Castle 8(1,AutomaticDuringEvent);52:Blood Castle 8(1,AutomaticDuringEvent);52:Blood Castle 8(1,AutomaticDuringEvent);52:Blood Castle 8(1,AutomaticDuringEvent);52:Blood Castle 8(1,AutomaticDuringEvent)
430	Dark Skull Soldier 8	Monster	125	184000	890	915	622	465	760	52:Blood Castle 8(1,AutomaticDuringEvent);52:Blood Castle 8(1,AutomaticDuringEvent);52:Blood Castle 8(1,AutomaticDuringEvent);52:Blood Castle 8(1,AutomaticDuringEvent);52:Blood Castle 8(1,AutomaticDuringEvent);52:Blood Castle 8(1,AutomaticDuringEvent);52:Blood Castle 8(1,AutomaticDuringEvent);52:Blood Castle 8(1,AutomaticDuringEvent);52:Blood Castle 8(1,AutomaticDuringEvent);52:Blood Castle 8(1,AutomaticDuringEvent);52:Blood Castle 8(1,AutomaticDuringEvent);52:Blood Castle 8(1,AutomaticDuringEvent);52:Blood Castle 8(1,AutomaticDuringEvent);52:Blood Castle 8(1,AutomaticDuringEvent);52:Blood Castle 8(1,AutomaticDuringEvent);52:Blood Castle 8(1,AutomaticDuringEvent);52:Blood Castle 8(1,AutomaticDuringEvent);52:Blood Castle 8(1,AutomaticDuringEvent);52:Blood Castle 8(1,AutomaticDuringEvent);52:Blood Castle 8(1,AutomaticDuringEvent);52:Blood Castle 8(1,AutomaticDuringEvent);52:Blood Castle 8(1,AutomaticDuringEvent);52:Blood Castle 8(1,AutomaticDuringEvent);52:Blood Castle 8(1,AutomaticDuringEvent)
431	Giant Ogre 8	Monster	129	208000	920	946	635	510	830	52:Blood Castle 8(1,AutomaticDuringEvent);52:Blood Castle 8(1,AutomaticDuringEvent);52:Blood Castle 8(1,AutomaticDuringEvent);52:Blood Castle 8(1,AutomaticDuringEvent);52:Blood Castle 8(1,AutomaticDuringEvent);52:Blood Castle 8(1,AutomaticDuringEvent);52:Blood Castle 8(1,AutomaticDuringEvent);52:Blood Castle 8(1,AutomaticDuringEvent);52:Blood Castle 8(1,AutomaticDuringEvent);52:Blood Castle 8(1,AutomaticDuringEvent);52:Blood Castle 8(1,AutomaticDuringEvent)
432	Red Skeleton Knight 8	Monster	132	208700	995	1120	648	585	900	52:Blood Castle 8(1,AutomaticDuringEvent);52:Blood Castle 8(1,AutomaticDuringEvent);52:Blood Castle 8(1,AutomaticDuringEvent);52:Blood Castle 8(1,AutomaticDuringEvent);52:Blood Castle 8(1,AutomaticDuringEvent);52:Blood Castle 8(1,AutomaticDuringEvent);52:Blood Castle 8(1,AutomaticDuringEvent);52:Blood Castle 8(1,AutomaticDuringEvent);52:Blood Castle 8(1,AutomaticDuringEvent);52:Blood Castle 8(1,AutomaticDuringEvent);52:Blood Castle 8(1,AutomaticDuringEvent);52:Blood Castle 8(1,AutomaticDuringEvent);52:Blood Castle 8(1,AutomaticDuringEvent);52:Blood Castle 8(1,AutomaticDuringEvent);52:Blood Castle 8(1,AutomaticDuringEvent);52:Blood Castle 8(1,AutomaticDuringEvent)
433	Magic Skeleton 8	Monster	140	215000	1500	1780	690	750	950	52:Blood Castle 8(1,AutomaticDuringEvent);52:Blood Castle 8(1,AutomaticDuringEvent);52:Blood Castle 8(1,AutomaticDuringEvent);52:Blood Castle 8(1,AutomaticDuringEvent);52:Blood Castle 8(1,AutomaticDuringEvent);52:Blood Castle 8(1,AutomaticDuringEvent);52:Blood Castle 8(1,AutomaticDuringEvent);52:Blood Castle 8(1,AutomaticDuringEvent)
434	Gigantis	Monster	98	43000	546	581	430	250	715	32:Devil Square 7(35,AutomaticDuringWave)
435	Berserk	Monster	100	70000	408	543	430	360	1000	32:Devil Square 7(35,AutomaticDuringWave)
436	Balram (Trainee)	Monster	134	90000	600	700	500	370	1500	32:Devil Square 7(35,AutomaticDuringWave)
437	Soram (Trainee)	Monster	134	100000	600	700	500	397	1500	32:Devil Square 7(35,AutomaticDuringWave)
438	Persona	Monster	118	68000	1168	1213	615	485	1190	32:Devil Square 7(35,AutomaticDuringWave)
439	Dreadfear	Monster	119	94000	946	996	783	905	1015	32:Devil Square 7(35,AutomaticDuringWave)
440	Dark_Elf	Monster	135	1000000	800	800	650	370	1500	32:Devil Square 7(5,OnceAtWaveStart)
441	Sapi-Unus	Monster	95	37000	475	510	370	220	700	56:Swamp Of Calmness(1,Automatic);56:Swamp Of Calmness(1,Automatic);56:Swamp Of Calmness(1,Automatic);56:Swamp Of Calmness(1,Automatic);56:Swamp Of Calmness(1,Automatic);56:Swamp Of Calmness(1,Automatic);56:Swamp Of Calmness(1,Automatic);56:Swamp Of Calmness(1,Automatic);56:Swamp Of Calmness(1,Automatic);56:Swamp Of Calmness(1,Automatic);56:Swamp Of Calmness(1,Automatic);56:Swamp Of Calmness(1,Automatic);56:Swamp Of Calmness(1,Automatic);56:Swamp Of Calmness(1,Automatic)
442	Sapi-Duo	Monster	96	39500	485	505	375	225	730	56:Swamp Of Calmness(1,Automatic);56:Swamp Of Calmness(1,Automatic);56:Swamp Of Calmness(1,Automatic);56:Swamp Of Calmness(1,Automatic);56:Swamp Of Calmness(1,Automatic);56:Swamp Of Calmness(1,Automatic);56:Swamp Of Calmness(1,Automatic);56:Swamp Of Calmness(1,Automatic);56:Swamp Of Calmness(1,Automatic);56:Swamp Of Calmness(1,Automatic);56:Swamp Of Calmness(1,Automatic);56:Swamp Of Calmness(1,Automatic);56:Swamp Of Calmness(1,Automatic);56:Swamp Of Calmness(1,Automatic)
443	Sapi-Tres	Monster	102	58000	590	625	470	275	880	56:Swamp Of Calmness(1,Automatic);56:Swamp Of Calmness(1,Automatic);56:Swamp Of Calmness(1,Automatic);56:Swamp Of Calmness(1,Automatic);56:Swamp Of Calmness(1,Automatic);56:Swamp Of Calmness(1,Automatic);56:Swamp Of Calmness(1,Automatic);56:Swamp Of Calmness(1,Automatic);56:Swamp Of Calmness(1,Automatic);56:Swamp Of Calmness(1,Automatic);56:Swamp Of Calmness(1,Automatic);56:Swamp Of Calmness(1,Automatic);56:Swamp Of Calmness(1,Automatic);56:Swamp Of Calmness(1,Automatic);56:Swamp Of Calmness(1,Automatic);56:Swamp Of Calmness(1,Automatic);56:Swamp Of Calmness(1,Automatic);56:Swamp Of Calmness(1,Automatic);56:Swamp Of Calmness(1,Automatic);56:Swamp Of Calmness(1,Automatic);56:Swamp Of Calmness(1,Automatic);56:Swamp Of Calmness(1,Automatic);56:Swamp Of Calmness(1,Automatic);56:Swamp Of Calmness(1,Automatic);56:Swamp Of Calmness(1,Automatic);56:Swamp Of Calmness(1,Automatic);56:Swamp Of Calmness(1,Automatic)
444	Shadow Pawn	Monster	98	48500	540	575	430	240	830	56:Swamp Of Calmness(1,Automatic);56:Swamp Of Calmness(1,Automatic);56:Swamp Of Calmness(1,Automatic);56:Swamp Of Calmness(1,Automatic);56:Swamp Of Calmness(1,Automatic);56:Swamp Of Calmness(1,Automatic);56:Swamp Of Calmness(1,Automatic);56:Swamp Of Calmness(1,Automatic);56:Swamp Of Calmness(1,Automatic);56:Swamp Of Calmness(1,Automatic);56:Swamp Of Calmness(1,Automatic);56:Swamp Of Calmness(1,Automatic);56:Swamp Of Calmness(1,Automatic);56:Swamp Of Calmness(1,Automatic);56:Swamp Of Calmness(1,Automatic);56:Swamp Of Calmness(1,Automatic)
445	Shadow Knight	Monster	100	52000	570	600	455	255	860	56:Swamp Of Calmness(1,Automatic);56:Swamp Of Calmness(1,Automatic);56:Swamp Of Calmness(1,Automatic);56:Swamp Of Calmness(1,Automatic);56:Swamp Of Calmness(1,Automatic);56:Swamp Of Calmness(1,Automatic);56:Swamp Of Calmness(1,Automatic);56:Swamp Of Calmness(1,Automatic);56:Swamp Of Calmness(1,Automatic);56:Swamp Of Calmness(1,Automatic);56:Swamp Of Calmness(1,Automatic);56:Swamp Of Calmness(1,Automatic);56:Swamp Of Calmness(1,Automatic);56:Swamp Of Calmness(1,Automatic);56:Swamp Of Calmness(1,Automatic);56:Swamp Of Calmness(1,Automatic);56:Swamp Of Calmness(1,Automatic);56:Swamp Of Calmness(1,Automatic);56:Swamp Of Calmness(1,Automatic);56:Swamp Of Calmness(1,Automatic);56:Swamp Of Calmness(1,Automatic);56:Swamp Of Calmness(1,Automatic);56:Swamp Of Calmness(1,Automatic);56:Swamp Of Calmness(1,Automatic);56:Swamp Of Calmness(1,Automatic);56:Swamp Of Calmness(1,Automatic);56:Swamp Of Calmness(1,Automatic);56:Swamp Of Calmness(1,Automatic);56:Swamp Of Calmness(1,Automatic)
446	Shadow Look	Monster	104	62000	600	645	500	290	950	56:Swamp Of Calmness(1,Automatic);56:Swamp Of Calmness(1,Automatic);56:Swamp Of Calmness(1,Automatic);56:Swamp Of Calmness(1,Automatic);56:Swamp Of Calmness(1,Automatic);56:Swamp Of Calmness(1,Automatic);56:Swamp Of Calmness(1,Automatic);56:Swamp Of Calmness(1,Automatic);56:Swamp Of Calmness(1,Automatic)
447	Thunder Napin	Monster	97	42000	520	555	395	235	750	56:Swamp Of Calmness(1,Automatic);56:Swamp Of Calmness(1,Automatic);56:Swamp Of Calmness(1,Automatic);56:Swamp Of Calmness(1,Automatic);56:Swamp Of Calmness(1,Automatic);56:Swamp Of Calmness(1,Automatic);56:Swamp Of Calmness(1,Automatic);56:Swamp Of Calmness(1,Automatic);56:Swamp Of Calmness(1,Automatic);56:Swamp Of Calmness(1,Automatic);56:Swamp Of Calmness(1,Automatic)
448	Ghost Napin	Monster	106	68000	635	665	535	295	983	56:Swamp Of Calmness(1,Automatic);56:Swamp Of Calmness(1,Automatic);56:Swamp Of Calmness(1,Automatic);56:Swamp Of Calmness(1,Automatic);56:Swamp Of Calmness(1,Automatic);56:Swamp Of Calmness(1,Automatic);56:Swamp Of Calmness(1,Automatic);56:Swamp Of Calmness(1,Automatic);56:Swamp Of Calmness(1,Automatic);56:Swamp Of Calmness(1,Automatic);56:Swamp Of Calmness(1,Automatic);56:Swamp Of Calmness(1,Automatic);56:Swamp Of Calmness(1,Automatic);56:Swamp Of Calmness(1,Automatic);56:Swamp Of Calmness(1,Automatic);56:Swamp Of Calmness(1,Automatic);56:Swamp Of Calmness(1,Automatic);56:Swamp Of Calmness(1,Automatic);56:Swamp Of Calmness(1,Automatic);56:Swamp Of Calmness(1,Automatic)
449	Blaze Napin	Monster	107	70000	670	725	530	303	1000	56:Swamp Of Calmness(1,Automatic);56:Swamp Of Calmness(1,Automatic);56:Swamp Of Calmness(1,Automatic);56:Swamp Of Calmness(1,Automatic);56:Swamp Of Calmness(1,Automatic);56:Swamp Of Calmness(1,Automatic);56:Swamp Of Calmness(1,Automatic);56:Swamp Of Calmness(1,Automatic);56:Swamp Of Calmness(1,Automatic);56:Swamp Of Calmness(1,Automatic);56:Swamp Of Calmness(1,Automatic);56:Swamp Of Calmness(1,Automatic);56:Swamp Of Calmness(1,Automatic);56:Swamp Of Calmness(1,Automatic);56:Swamp Of Calmness(1,Automatic);56:Swamp Of Calmness(1,Automatic)
450	Cherry Blossom Spirit	PassiveNpc	0	0	0	0	0	0	0	3:Noria(1,Automatic)
451	Cherry Blossom Tree	PassiveNpc	0	0	0	0	0	0	0	3:Noria(1,Automatic)
452	Seed Master	PassiveNpc	0	0	0	0	0	0	0	51:Elvenland(1,Automatic)
453	Seed Researcher	PassiveNpc	0	0	0	0	0	0	0	51:Elvenland(1,Automatic)
454	Ice Walker	Monster	102	68000	1310	1965	615	800	1190	57:LaCleon(1,Automatic);57:LaCleon(1,Automatic);57:LaCleon(1,Automatic);57:LaCleon(1,Automatic);57:LaCleon(1,Automatic);57:LaCleon(1,Automatic);57:LaCleon(1,Automatic)
455	Giant Mammoth	Monster	112	77000	1441	2017	585	840	1350	57:LaCleon(1,Automatic);57:LaCleon(1,Automatic);57:LaCleon(1,Automatic);57:LaCleon(1,Automatic);57:LaCleon(1,Automatic)
456	Ice Giant	Monster	122	84000	1585	2060	620	770	1570	57:LaCleon(1,Automatic);57:LaCleon(1,Automatic);57:LaCleon(1,Automatic);57:LaCleon(1,Automatic);57:LaCleon(1,Automatic);57:LaCleon(1,Automatic);57:LaCleon(1,Automatic);57:LaCleon(1,Automatic);57:LaCleon(1,Automatic);57:LaCleon(1,Automatic);57:LaCleon(1,Automatic);57:LaCleon(1,Automatic);57:LaCleon(1,Automatic);57:LaCleon(1,Automatic)
457	Coolutin	Monster	132	88000	1743	2092	650	840	1940	57:LaCleon(1,Automatic);57:LaCleon(1,Automatic);57:LaCleon(1,Automatic);57:LaCleon(1,Automatic);57:LaCleon(1,Automatic);57:LaCleon(1,Automatic);57:LaCleon(1,Automatic);57:LaCleon(1,Automatic);57:LaCleon(1,Automatic);57:LaCleon(1,Automatic);57:LaCleon(1,Automatic);58:LaCleon Boss(1,Automatic);58:LaCleon Boss(1,Automatic);58:LaCleon Boss(1,Automatic);58:LaCleon Boss(1,Automatic);58:LaCleon Boss(1,Automatic);58:LaCleon Boss(1,Automatic);58:LaCleon Boss(1,Automatic);58:LaCleon Boss(1,Automatic);58:LaCleon Boss(1,Automatic);58:LaCleon Boss(1,Automatic)
458	Iron Knight	Monster	142	95000	1917	2301	660	800	2000	57:LaCleon(1,Automatic);57:LaCleon(1,Automatic);57:LaCleon(1,Automatic);57:LaCleon(1,Automatic);57:LaCleon(1,Automatic);57:LaCleon(1,Automatic);57:LaCleon(1,Automatic);57:LaCleon(1,Automatic);57:LaCleon(1,Automatic);57:LaCleon(1,Automatic);57:LaCleon(1,Automatic);57:LaCleon(1,Automatic);57:LaCleon(1,Automatic);57:LaCleon(1,Automatic);57:LaCleon(1,Automatic);57:LaCleon(1,Automatic);57:LaCleon(1,Automatic);57:LaCleon(1,Automatic);57:LaCleon(1,Automatic);57:LaCleon(1,Automatic);57:LaCleon(1,Automatic);57:LaCleon(1,Automatic)
459	Selupan	Monster	145	4800000	2500	3000	1250	1800	2200	58:LaCleon Boss(1,Automatic)
460	Spider Eggs 1	Monster	10	40000	500	540	410	280	750	58:LaCleon Boss(1,Automatic);58:LaCleon Boss(1,Automatic);58:LaCleon Boss(1,Automatic);58:LaCleon Boss(1,Automatic);58:LaCleon Boss(1,Automatic);58:LaCleon Boss(1,Automatic)
461	Spider Eggs 2	Monster	10	40000	500	540	410	280	750	58:LaCleon Boss(1,Automatic);58:LaCleon Boss(1,Automatic);58:LaCleon Boss(1,Automatic);58:LaCleon Boss(1,Automatic);58:LaCleon Boss(1,Automatic)
462	Spider Eggs 3	Monster	10	40000	500	540	410	280	750	58:LaCleon Boss(1,Automatic);58:LaCleon Boss(1,Automatic);58:LaCleon Boss(1,Automatic);58:LaCleon Boss(1,Automatic)
467	Snowman	PassiveNpc	0	0	0	0	0	0	0	62:Santa Village(1,Automatic)
468	Little Santa Yellow	PassiveNpc	0	0	0	0	0	0	0	62:Santa Village(1,Automatic)
469	Little Santa Green	PassiveNpc	0	0	0	0	0	0	0	62:Santa Village(1,Automatic)
470	Little Santa Red	PassiveNpc	0	0	0	0	0	0	0	62:Santa Village(1,Automatic)
471	Little Santa Blue	PassiveNpc	0	0	0	0	0	0	0	62:Santa Village(1,Automatic)
472	Little Santa White	PassiveNpc	0	0	0	0	0	0	0	62:Santa Village(1,Automatic)
473	Little Santa Black	PassiveNpc	0	0	0	0	0	0	0	62:Santa Village(1,Automatic)
474	Little Santa Orange	PassiveNpc	0	0	0	0	0	0	0	62:Santa Village(1,Automatic)
475	Little Santa Pink	PassiveNpc	0	0	0	0	0	0	0	62:Santa Village(1,Automatic)
476	Cursed Santa	PassiveNpc	0	0	0	0	0	0	0	-
477	Transformed Snowman	PassiveNpc	0	0	0	0	0	0	0	-
478	Delgado - Lucky Coins	PassiveNpc	0	0	0	0	0	0	0	2:Devias(1,Automatic)
479	Gatekeeper Titus	PassiveNpc	0	0	0	0	0	0	0	63:Vulcanus(1,Automatic)
480	Zombie Fighter	Monster	90	20000	300	345	200	170	750	63:Vulcanus(1,Automatic);63:Vulcanus(1,Automatic);63:Vulcanus(1,Automatic);63:Vulcanus(1,Automatic);63:Vulcanus(1,Automatic);63:Vulcanus(1,Automatic);63:Vulcanus(1,Automatic);63:Vulcanus(1,Automatic);63:Vulcanus(1,Automatic);63:Vulcanus(1,Automatic);63:Vulcanus(1,Automatic);63:Vulcanus(1,Automatic);63:Vulcanus(1,Automatic);63:Vulcanus(1,Automatic);63:Vulcanus(1,Automatic);63:Vulcanus(1,Automatic);63:Vulcanus(1,Automatic);63:Vulcanus(1,Automatic);63:Vulcanus(1,Automatic);63:Vulcanus(1,Automatic);63:Vulcanus(1,Automatic);63:Vulcanus(1,Automatic);63:Vulcanus(1,Automatic);63:Vulcanus(1,Automatic);63:Vulcanus(1,Automatic);63:Vulcanus(1,Automatic);63:Vulcanus(1,Automatic);63:Vulcanus(1,Automatic);63:Vulcanus(1,Automatic);63:Vulcanus(1,Automatic);63:Vulcanus(1,Automatic);63:Vulcanus(1,Automatic);63:Vulcanus(1,Automatic);63:Vulcanus(1,Automatic);63:Vulcanus(1,Automatic);63:Vulcanus(1,Automatic);63:Vulcanus(1,Automatic);63:Vulcanus(1,Automatic);63:Vulcanus(1,Automatic);63:Vulcanus(1,Automatic);63:Vulcanus(1,Automatic);63:Vulcanus(1,Automatic);63:Vulcanus(1,Automatic);63:Vulcanus(1,Automatic);63:Vulcanus(1,Automatic);63:Vulcanus(1,Automatic);63:Vulcanus(1,Automatic);63:Vulcanus(1,Automatic)
481	Zombie Fighter	Monster	120	5000000	850	950	210	820	1190	63:Vulcanus(3,Automatic);63:Vulcanus(3,Automatic);63:Vulcanus(4,Automatic)
482	Resurrected Gladiator	Monster	93	23000	320	360	220	200	780	63:Vulcanus(1,Automatic);63:Vulcanus(1,Automatic);63:Vulcanus(1,Automatic);63:Vulcanus(1,Automatic);63:Vulcanus(1,Automatic);63:Vulcanus(1,Automatic);63:Vulcanus(1,Automatic);63:Vulcanus(1,Automatic);63:Vulcanus(1,Automatic);63:Vulcanus(1,Automatic);63:Vulcanus(1,Automatic);63:Vulcanus(1,Automatic);63:Vulcanus(1,Automatic);63:Vulcanus(1,Automatic);63:Vulcanus(1,Automatic);63:Vulcanus(1,Automatic);63:Vulcanus(1,Automatic);63:Vulcanus(1,Automatic);63:Vulcanus(1,Automatic);63:Vulcanus(1,Automatic);63:Vulcanus(1,Automatic);63:Vulcanus(1,Automatic);63:Vulcanus(1,Automatic);63:Vulcanus(1,Automatic);63:Vulcanus(1,Automatic);63:Vulcanus(1,Automatic);63:Vulcanus(1,Automatic);63:Vulcanus(1,Automatic);63:Vulcanus(1,Automatic);63:Vulcanus(1,Automatic);63:Vulcanus(1,Automatic);63:Vulcanus(1,Automatic);63:Vulcanus(1,Automatic);63:Vulcanus(1,Automatic);63:Vulcanus(1,Automatic);63:Vulcanus(1,Automatic);63:Vulcanus(1,Automatic);63:Vulcanus(1,Automatic)
483	Resurrected Gladiator	Monster	121	513000	860	960	230	825	1210	63:Vulcanus(4,Automatic);63:Vulcanus(4,Automatic)
484	Ash Slaughterer	Monster	100	27000	335	370	270	230	810	63:Vulcanus(1,Automatic);63:Vulcanus(1,Automatic);63:Vulcanus(1,Automatic);63:Vulcanus(1,Automatic);63:Vulcanus(1,Automatic);63:Vulcanus(1,Automatic);63:Vulcanus(1,Automatic);63:Vulcanus(1,Automatic);63:Vulcanus(1,Automatic);63:Vulcanus(1,Automatic);63:Vulcanus(1,Automatic);63:Vulcanus(1,Automatic);63:Vulcanus(1,Automatic);63:Vulcanus(1,Automatic);63:Vulcanus(1,Automatic);63:Vulcanus(1,Automatic);63:Vulcanus(1,Automatic);63:Vulcanus(1,Automatic);63:Vulcanus(1,Automatic);63:Vulcanus(1,Automatic);63:Vulcanus(1,Automatic);63:Vulcanus(1,Automatic);63:Vulcanus(1,Automatic);63:Vulcanus(1,Automatic);63:Vulcanus(1,Automatic);63:Vulcanus(1,Automatic);63:Vulcanus(1,Automatic);63:Vulcanus(1,Automatic);63:Vulcanus(1,Automatic);63:Vulcanus(1,Automatic);63:Vulcanus(1,Automatic);63:Vulcanus(1,Automatic);63:Vulcanus(1,Automatic);63:Vulcanus(1,Automatic);63:Vulcanus(1,Automatic);63:Vulcanus(1,Automatic);63:Vulcanus(1,Automatic);63:Vulcanus(1,Automatic);63:Vulcanus(1,Automatic);63:Vulcanus(1,Automatic);63:Vulcanus(1,Automatic);63:Vulcanus(1,Automatic);63:Vulcanus(1,Automatic);63:Vulcanus(1,Automatic);63:Vulcanus(1,Automatic);63:Vulcanus(1,Automatic);63:Vulcanus(1,Automatic);63:Vulcanus(1,Automatic);63:Vulcanus(1,Automatic);63:Vulcanus(1,Automatic);63:Vulcanus(1,Automatic)
485	Ash Slaughterer	Monster	122	520000	870	970	280	830	1230	63:Vulcanus(2,Automatic);63:Vulcanus(2,Automatic);63:Vulcanus(2,Automatic);63:Vulcanus(1,Automatic)
486	Blood Assassin	Monster	107	37000	550	600	475	300	900	63:Vulcanus(1,Automatic);63:Vulcanus(1,Automatic);63:Vulcanus(1,Automatic);63:Vulcanus(1,Automatic);63:Vulcanus(1,Automatic);63:Vulcanus(1,Automatic);63:Vulcanus(1,Automatic);63:Vulcanus(1,Automatic);63:Vulcanus(1,Automatic);63:Vulcanus(1,Automatic);63:Vulcanus(1,Automatic);63:Vulcanus(1,Automatic);63:Vulcanus(1,Automatic);63:Vulcanus(1,Automatic);63:Vulcanus(1,Automatic);63:Vulcanus(1,Automatic);63:Vulcanus(1,Automatic);63:Vulcanus(1,Automatic);63:Vulcanus(1,Automatic);63:Vulcanus(1,Automatic);63:Vulcanus(1,Automatic);63:Vulcanus(1,Automatic);63:Vulcanus(1,Automatic);63:Vulcanus(1,Automatic);63:Vulcanus(1,Automatic);63:Vulcanus(1,Automatic);63:Vulcanus(1,Automatic);63:Vulcanus(1,Automatic);63:Vulcanus(1,Automatic);63:Vulcanus(1,Automatic);63:Vulcanus(1,Automatic);63:Vulcanus(1,Automatic);63:Vulcanus(1,Automatic)
487	Cruel Blood Assassin	Monster	109	40000	570	620	490	325	950	63:Vulcanus(1,Automatic);63:Vulcanus(1,Automatic);63:Vulcanus(1,Automatic);63:Vulcanus(1,Automatic);63:Vulcanus(1,Automatic);63:Vulcanus(1,Automatic);63:Vulcanus(1,Automatic);63:Vulcanus(1,Automatic);63:Vulcanus(1,Automatic);63:Vulcanus(1,Automatic);63:Vulcanus(1,Automatic);63:Vulcanus(1,Automatic);63:Vulcanus(1,Automatic);63:Vulcanus(1,Automatic);63:Vulcanus(1,Automatic)
488	Cruel Blood Assassin	Monster	123	523000	880	980	500	835	1250	63:Vulcanus(3,Automatic);63:Vulcanus(1,Automatic);63:Vulcanus(1,Automatic)
489	Burning Lava Giant	Monster	111	50000	600	650	520	330	970	63:Vulcanus(1,Automatic);63:Vulcanus(1,Automatic);63:Vulcanus(1,Automatic);63:Vulcanus(1,Automatic);63:Vulcanus(1,Automatic);63:Vulcanus(1,Automatic);63:Vulcanus(1,Automatic);63:Vulcanus(1,Automatic);63:Vulcanus(1,Automatic);63:Vulcanus(1,Automatic);63:Vulcanus(1,Automatic);63:Vulcanus(1,Automatic);63:Vulcanus(1,Automatic);63:Vulcanus(1,Automatic);63:Vulcanus(1,Automatic);63:Vulcanus(1,Automatic);63:Vulcanus(1,Automatic);63:Vulcanus(1,Automatic);63:Vulcanus(1,Automatic);63:Vulcanus(1,Automatic);63:Vulcanus(1,Automatic);63:Vulcanus(1,Automatic);63:Vulcanus(1,Automatic);63:Vulcanus(1,Automatic);63:Vulcanus(1,Automatic);63:Vulcanus(1,Automatic);63:Vulcanus(1,Automatic);63:Vulcanus(1,Automatic);63:Vulcanus(1,Automatic);63:Vulcanus(1,Automatic);63:Vulcanus(1,Automatic)
490	Ruthless Lava Giant	Monster	113	55000	630	680	535	340	1000	63:Vulcanus(1,Automatic);63:Vulcanus(1,Automatic);63:Vulcanus(1,Automatic);63:Vulcanus(1,Automatic);63:Vulcanus(1,Automatic);63:Vulcanus(1,Automatic);63:Vulcanus(1,Automatic);63:Vulcanus(1,Automatic);63:Vulcanus(1,Automatic);63:Vulcanus(1,Automatic);63:Vulcanus(1,Automatic);63:Vulcanus(1,Automatic);63:Vulcanus(1,Automatic);63:Vulcanus(1,Automatic)
491	Ruthless Lava Giant	Monster	124	530000	890	990	545	840	1270	63:Vulcanus(2,Automatic);63:Vulcanus(2,Automatic);63:Vulcanus(1,Automatic)
492	Moss The Merchant	PassiveNpc	0	0	0	0	0	0	0	51:Elvenland(1,Automatic)
504	Gayion The Gladiator	Monster	138	1800000	2680	4130	4550	1485	2500	72:Fortress of Imperial Guardian 4(1,OnceAtEventStart)
505	Jerry	Monster	140	1000000	2100	3400	5000	1500	2000	72:Fortress of Imperial Guardian 4(1,OnceAtEventStart)
506	Raymond	Monster	146	1600000	2600	4000	5600	1800	2600	71:Fortress of Imperial Guardian 3(1,OnceAtEventStart);72:Fortress of Imperial Guardian 4(1,OnceAtEventStart)
507	Lucas	Monster	142	1200000	2200	3600	5200	1200	2200	70:Fortress of Imperial Guardian 2(1,OnceAtEventStart);72:Fortress of Imperial Guardian 4(1,OnceAtEventStart)
508	Fred	Monster	145	1500000	2500	3900	5500	1500	2500	69:Fortress of Imperial Guardian 1(1,OnceAtEventStart)
509	Hammerize	Monster	143	1300000	2300	3700	5300	1300	2300	70:Fortress of Imperial Guardian 2(1,OnceAtEventStart)
510	Dual Berserker	Monster	144	1400000	2400	3800	5400	1400	2400	71:Fortress of Imperial Guardian 3(1,OnceAtEventStart)
511	Devil Lord	Monster	141	1100000	2100	3500	5100	1100	2100	69:Fortress of Imperial Guardian 1(1,OnceAtEventStart)
512	Quarter Master	Monster	134	90000	1100	1200	992	585	1150	69:Fortress of Imperial Guardian 1(1,OnceAtEventStart);69:Fortress of Imperial Guardian 1(1,OnceAtEventStart)
513	Combat Instructor	Monster	118	68000	931	1116	750	550	1100	69:Fortress of Imperial Guardian 1(1,OnceAtEventStart);69:Fortress of Imperial Guardian 1(1,OnceAtEventStart)
514	Aticle's Head	Monster	135	300000	900	1300	850	797	1400	70:Fortress of Imperial Guardian 2(1,OnceAtEventStart);70:Fortress of Imperial Guardian 2(1,OnceAtEventStart)
515	Dark Ghost	Monster	134	100000	1168	1250	1020	665	1270	70:Fortress of Imperial Guardian 2(1,OnceAtEventStart);70:Fortress of Imperial Guardian 2(1,OnceAtEventStart)
516	Banshee	Monster	119	105000	980	1060	830	605	1150	71:Fortress of Imperial Guardian 3(1,OnceAtEventStart);71:Fortress of Imperial Guardian 3(1,OnceAtEventStart)
517	Head Mounter	Monster	140	140000	1000	1400	950	880	1600	71:Fortress of Imperial Guardian 3(1,OnceAtEventStart);71:Fortress of Imperial Guardian 3(1,OnceAtEventStart)
518	Defender	Monster	118	78000	951	996	783	505	1015	69:Fortress of Imperial Guardian 1(1,OnceAtEventStart);69:Fortress of Imperial Guardian 1(1,OnceAtEventStart);69:Fortress of Imperial Guardian 1(1,OnceAtEventStart);69:Fortress of Imperial Guardian 1(1,OnceAtEventStart);69:Fortress of Imperial Guardian 1(1,OnceAtEventStart);69:Fortress of Imperial Guardian 1(1,OnceAtEventStart);70:Fortress of Imperial Guardian 2(1,OnceAtEventStart);70:Fortress of Imperial Guardian 2(1,OnceAtEventStart);70:Fortress of Imperial Guardian 2(1,OnceAtEventStart);70:Fortress of Imperial Guardian 2(1,OnceAtEventStart);70:Fortress of Imperial Guardian 2(1,OnceAtEventStart);70:Fortress of Imperial Guardian 2(1,OnceAtEventStart);71:Fortress of Imperial Guardian 3(1,OnceAtEventStart);71:Fortress of Imperial Guardian 3(1,OnceAtEventStart);71:Fortress of Imperial Guardian 3(1,OnceAtEventStart);71:Fortress of Imperial Guardian 3(1,OnceAtEventStart);71:Fortress of Imperial Guardian 3(1,OnceAtEventStart);71:Fortress of Imperial Guardian 3(1,OnceAtEventStart);72:Fortress of Imperial Guardian 4(1,OnceAtEventStart);72:Fortress of Imperial Guardian 4(1,OnceAtEventStart);72:Fortress of Imperial Guardian 4(1,OnceAtEventStart);72:Fortress of Imperial Guardian 4(1,OnceAtEventStart);72:Fortress of Imperial Guardian 4(1,OnceAtEventStart);72:Fortress of Imperial Guardian 4(1,OnceAtEventStart);72:Fortress of Imperial Guardian 4(1,OnceAtEventStart);72:Fortress of Imperial Guardian 4(1,OnceAtEventStart);72:Fortress of Imperial Guardian 4(1,OnceAtEventStart);72:Fortress of Imperial Guardian 4(1,OnceAtEventStart);72:Fortress of Imperial Guardian 4(1,OnceAtEventStart);72:Fortress of Imperial Guardian 4(1,OnceAtEventStart)
519	Forsaker	Monster	115	70000	870	915	720	470	960	69:Fortress of Imperial Guardian 1(1,OnceAtEventStart);69:Fortress of Imperial Guardian 1(1,OnceAtEventStart);69:Fortress of Imperial Guardian 1(1,OnceAtEventStart);69:Fortress of Imperial Guardian 1(1,OnceAtEventStart);69:Fortress of Imperial Guardian 1(1,OnceAtEventStart);69:Fortress of Imperial Guardian 1(1,OnceAtEventStart);69:Fortress of Imperial Guardian 1(1,OnceAtEventStart);69:Fortress of Imperial Guardian 1(1,OnceAtEventStart);69:Fortress of Imperial Guardian 1(1,OnceAtEventStart);69:Fortress of Imperial Guardian 1(1,OnceAtEventStart);69:Fortress of Imperial Guardian 1(1,OnceAtEventStart);69:Fortress of Imperial Guardian 1(1,OnceAtEventStart);69:Fortress of Imperial Guardian 1(1,OnceAtEventStart);69:Fortress of Imperial Guardian 1(1,OnceAtEventStart);69:Fortress of Imperial Guardian 1(1,OnceAtEventStart);69:Fortress of Imperial Guardian 1(1,OnceAtEventStart);69:Fortress of Imperial Guardian 1(1,OnceAtEventStart);69:Fortress of Imperial Guardian 1(1,OnceAtEventStart);70:Fortress of Imperial Guardian 2(1,OnceAtEventStart);70:Fortress of Imperial Guardian 2(1,OnceAtEventStart);70:Fortress of Imperial Guardian 2(1,OnceAtEventStart);70:Fortress of Imperial Guardian 2(1,OnceAtEventStart);70:Fortress of Imperial Guardian 2(1,OnceAtEventStart);70:Fortress of Imperial Guardian 2(1,OnceAtEventStart);70:Fortress of Imperial Guardian 2(1,OnceAtEventStart);70:Fortress of Imperial Guardian 2(1,OnceAtEventStart);70:Fortress of Imperial Guardian 2(1,OnceAtEventStart);70:Fortress of Imperial Guardian 2(1,OnceAtEventStart);70:Fortress of Imperial Guardian 2(1,OnceAtEventStart);70:Fortress of Imperial Guardian 2(1,OnceAtEventStart);70:Fortress of Imperial Guardian 2(1,OnceAtEventStart);70:Fortress of Imperial Guardian 2(1,OnceAtEventStart);70:Fortress of Imperial Guardian 2(1,OnceAtEventStart);70:Fortress of Imperial Guardian 2(1,OnceAtEventStart);70:Fortress of Imperial Guardian 2(1,OnceAtEventStart);70:Fortress of Imperial Guardian 2(1,OnceAtEventStart);71:Fortress of Imperial Guardian 3(1,OnceAtEventStart);71:Fortress of Imperial Guardian 3(1,OnceAtEventStart);71:Fortress of Imperial Guardian 3(1,OnceAtEventStart);71:Fortress of Imperial Guardian 3(1,OnceAtEventStart);71:Fortress of Imperial Guardian 3(1,OnceAtEventStart);71:Fortress of Imperial Guardian 3(1,OnceAtEventStart);71:Fortress of Imperial Guardian 3(1,OnceAtEventStart);71:Fortress of Imperial Guardian 3(1,OnceAtEventStart);71:Fortress of Imperial Guardian 3(1,OnceAtEventStart);71:Fortress of Imperial Guardian 3(1,OnceAtEventStart);71:Fortress of Imperial Guardian 3(1,OnceAtEventStart);71:Fortress of Imperial Guardian 3(1,OnceAtEventStart);71:Fortress of Imperial Guardian 3(1,OnceAtEventStart);71:Fortress of Imperial Guardian 3(1,OnceAtEventStart);71:Fortress of Imperial Guardian 3(1,OnceAtEventStart);71:Fortress of Imperial Guardian 3(1,OnceAtEventStart);71:Fortress of Imperial Guardian 3(1,OnceAtEventStart);71:Fortress of Imperial Guardian 3(1,OnceAtEventStart);72:Fortress of Imperial Guardian 4(1,OnceAtEventStart);72:Fortress of Imperial Guardian 4(1,OnceAtEventStart);72:Fortress of Imperial Guardian 4(1,OnceAtEventStart);72:Fortress of Imperial Guardian 4(1,OnceAtEventStart);72:Fortress of Imperial Guardian 4(1,OnceAtEventStart);72:Fortress of Imperial Guardian 4(1,OnceAtEventStart);72:Fortress of Imperial Guardian 4(1,OnceAtEventStart);72:Fortress of Imperial Guardian 4(1,OnceAtEventStart);72:Fortress of Imperial Guardian 4(1,OnceAtEventStart);72:Fortress of Imperial Guardian 4(1,OnceAtEventStart);72:Fortress of Imperial Guardian 4(1,OnceAtEventStart);72:Fortress of Imperial Guardian 4(1,OnceAtEventStart)
520	Ocelot the Lord	Monster	113	53000	805	845	660	445	920	69:Fortress of Imperial Guardian 1(1,OnceAtEventStart);69:Fortress of Imperial Guardian 1(1,OnceAtEventStart);69:Fortress of Imperial Guardian 1(1,OnceAtEventStart);69:Fortress of Imperial Guardian 1(1,OnceAtEventStart);69:Fortress of Imperial Guardian 1(1,OnceAtEventStart);69:Fortress of Imperial Guardian 1(1,OnceAtEventStart);70:Fortress of Imperial Guardian 2(1,OnceAtEventStart);70:Fortress of Imperial Guardian 2(1,OnceAtEventStart);70:Fortress of Imperial Guardian 2(1,OnceAtEventStart);70:Fortress of Imperial Guardian 2(1,OnceAtEventStart);70:Fortress of Imperial Guardian 2(1,OnceAtEventStart);70:Fortress of Imperial Guardian 2(1,OnceAtEventStart);71:Fortress of Imperial Guardian 3(1,OnceAtEventStart);71:Fortress of Imperial Guardian 3(1,OnceAtEventStart);71:Fortress of Imperial Guardian 3(1,OnceAtEventStart);71:Fortress of Imperial Guardian 3(1,OnceAtEventStart);71:Fortress of Imperial Guardian 3(1,OnceAtEventStart);71:Fortress of Imperial Guardian 3(1,OnceAtEventStart)
521	Eric the Guard	Monster	120	78500	1040	1085	865	540	1080	69:Fortress of Imperial Guardian 1(1,OnceAtEventStart);69:Fortress of Imperial Guardian 1(1,OnceAtEventStart);69:Fortress of Imperial Guardian 1(1,OnceAtEventStart);69:Fortress of Imperial Guardian 1(1,OnceAtEventStart);69:Fortress of Imperial Guardian 1(1,OnceAtEventStart);69:Fortress of Imperial Guardian 1(1,OnceAtEventStart);70:Fortress of Imperial Guardian 2(1,OnceAtEventStart);70:Fortress of Imperial Guardian 2(1,OnceAtEventStart);70:Fortress of Imperial Guardian 2(1,OnceAtEventStart);70:Fortress of Imperial Guardian 2(1,OnceAtEventStart);70:Fortress of Imperial Guardian 2(1,OnceAtEventStart);70:Fortress of Imperial Guardian 2(1,OnceAtEventStart);71:Fortress of Imperial Guardian 3(1,OnceAtEventStart);71:Fortress of Imperial Guardian 3(1,OnceAtEventStart);71:Fortress of Imperial Guardian 3(1,OnceAtEventStart);71:Fortress of Imperial Guardian 3(1,OnceAtEventStart);71:Fortress of Imperial Guardian 3(1,OnceAtEventStart);71:Fortress of Imperial Guardian 3(1,OnceAtEventStart);72:Fortress of Imperial Guardian 4(1,OnceAtEventStart);72:Fortress of Imperial Guardian 4(1,OnceAtEventStart);72:Fortress of Imperial Guardian 4(1,OnceAtEventStart);72:Fortress of Imperial Guardian 4(1,OnceAtEventStart);72:Fortress of Imperial Guardian 4(1,OnceAtEventStart);72:Fortress of Imperial Guardian 4(1,OnceAtEventStart);72:Fortress of Imperial Guardian 4(1,OnceAtEventStart);72:Fortress of Imperial Guardian 4(1,OnceAtEventStart);72:Fortress of Imperial Guardian 4(1,OnceAtEventStart);72:Fortress of Imperial Guardian 4(1,OnceAtEventStart);72:Fortress of Imperial Guardian 4(1,OnceAtEventStart);72:Fortress of Imperial Guardian 4(1,OnceAtEventStart);72:Fortress of Imperial Guardian 4(1,OnceAtEventStart)
522	Adviser Jerinteu	PassiveNpc	0	0	0	0	0	0	0	2:Devias(1,Automatic)
523	Trap	Trap	57	4500	1570	1880	1110	1085	1085	69:Fortress of Imperial Guardian 1(1,OnceAtEventStart);69:Fortress of Imperial Guardian 1(1,OnceAtEventStart);69:Fortress of Imperial Guardian 1(1,OnceAtEventStart);69:Fortress of Imperial Guardian 1(1,OnceAtEventStart);69:Fortress of Imperial Guardian 1(1,OnceAtEventStart);69:Fortress of Imperial Guardian 1(1,OnceAtEventStart);69:Fortress of Imperial Guardian 1(1,OnceAtEventStart);69:Fortress of Imperial Guardian 1(1,OnceAtEventStart);69:Fortress of Imperial Guardian 1(1,OnceAtEventStart);69:Fortress of Imperial Guardian 1(1,OnceAtEventStart);69:Fortress of Imperial Guardian 1(1,OnceAtEventStart);69:Fortress of Imperial Guardian 1(1,OnceAtEventStart);69:Fortress of Imperial Guardian 1(1,OnceAtEventStart);69:Fortress of Imperial Guardian 1(1,OnceAtEventStart);69:Fortress of Imperial Guardian 1(1,OnceAtEventStart);69:Fortress of Imperial Guardian 1(1,OnceAtEventStart);69:Fortress of Imperial Guardian 1(1,OnceAtEventStart);69:Fortress of Imperial Guardian 1(1,OnceAtEventStart);69:Fortress of Imperial Guardian 1(1,OnceAtEventStart);69:Fortress of Imperial Guardian 1(1,OnceAtEventStart);69:Fortress of Imperial Guardian 1(1,OnceAtEventStart);69:Fortress of Imperial Guardian 1(1,OnceAtEventStart);69:Fortress of Imperial Guardian 1(1,OnceAtEventStart);69:Fortress of Imperial Guardian 1(1,OnceAtEventStart);69:Fortress of Imperial Guardian 1(1,OnceAtEventStart);69:Fortress of Imperial Guardian 1(1,OnceAtEventStart);69:Fortress of Imperial Guardian 1(1,OnceAtEventStart);69:Fortress of Imperial Guardian 1(1,OnceAtEventStart);69:Fortress of Imperial Guardian 1(1,OnceAtEventStart);69:Fortress of Imperial Guardian 1(1,OnceAtEventStart);69:Fortress of Imperial Guardian 1(1,OnceAtEventStart);69:Fortress of Imperial Guardian 1(1,OnceAtEventStart);69:Fortress of Imperial Guardian 1(1,OnceAtEventStart);69:Fortress of Imperial Guardian 1(1,OnceAtEventStart);69:Fortress of Imperial Guardian 1(1,OnceAtEventStart);69:Fortress of Imperial Guardian 1(1,OnceAtEventStart);69:Fortress of Imperial Guardian 1(1,OnceAtEventStart);69:Fortress of Imperial Guardian 1(1,OnceAtEventStart);69:Fortress of Imperial Guardian 1(1,OnceAtEventStart);69:Fortress of Imperial Guardian 1(1,OnceAtEventStart);69:Fortress of Imperial Guardian 1(1,OnceAtEventStart);69:Fortress of Imperial Guardian 1(1,OnceAtEventStart);70:Fortress of Imperial Guardian 2(1,OnceAtEventStart);70:Fortress of Imperial Guardian 2(1,OnceAtEventStart);70:Fortress of Imperial Guardian 2(1,OnceAtEventStart);70:Fortress of Imperial Guardian 2(1,OnceAtEventStart);70:Fortress of Imperial Guardian 2(1,OnceAtEventStart);70:Fortress of Imperial Guardian 2(1,OnceAtEventStart);70:Fortress of Imperial Guardian 2(1,OnceAtEventStart);70:Fortress of Imperial Guardian 2(1,OnceAtEventStart);70:Fortress of Imperial Guardian 2(1,OnceAtEventStart);70:Fortress of Imperial Guardian 2(1,OnceAtEventStart);70:Fortress of Imperial Guardian 2(1,OnceAtEventStart);70:Fortress of Imperial Guardian 2(1,OnceAtEventStart);70:Fortress of Imperial Guardian 2(1,OnceAtEventStart);70:Fortress of Imperial Guardian 2(1,OnceAtEventStart);70:Fortress of Imperial Guardian 2(1,OnceAtEventStart);70:Fortress of Imperial Guardian 2(1,OnceAtEventStart);70:Fortress of Imperial Guardian 2(1,OnceAtEventStart);70:Fortress of Imperial Guardian 2(1,OnceAtEventStart);70:Fortress of Imperial Guardian 2(1,OnceAtEventStart);70:Fortress of Imperial Guardian 2(1,OnceAtEventStart);70:Fortress of Imperial Guardian 2(1,OnceAtEventStart);70:Fortress of Imperial Guardian 2(1,OnceAtEventStart);70:Fortress of Imperial Guardian 2(1,OnceAtEventStart);70:Fortress of Imperial Guardian 2(1,OnceAtEventStart);70:Fortress of Imperial Guardian 2(1,OnceAtEventStart);70:Fortress of Imperial Guardian 2(1,OnceAtEventStart);70:Fortress of Imperial Guardian 2(1,OnceAtEventStart);70:Fortress of Imperial Guardian 2(1,OnceAtEventStart);70:Fortress of Imperial Guardian 2(1,OnceAtEventStart);70:Fortress of Imperial Guardian 2(1,OnceAtEventStart);70:Fortress of Imperial Guardian 2(1,OnceAtEventStart);70:Fortress of Imperial Guardian 2(1,OnceAtEventStart);70:Fortress of Imperial Guardian 2(1,OnceAtEventStart);70:Fortress of Imperial Guardian 2(1,OnceAtEventStart);70:Fortress of Imperial Guardian 2(1,OnceAtEventStart);70:Fortress of Imperial Guardian 2(1,OnceAtEventStart);70:Fortress of Imperial Guardian 2(1,OnceAtEventStart);70:Fortress of Imperial Guardian 2(1,OnceAtEventStart);71:Fortress of Imperial Guardian 3(1,OnceAtEventStart);71:Fortress of Imperial Guardian 3(1,OnceAtEventStart);71:Fortress of Imperial Guardian 3(1,OnceAtEventStart);71:Fortress of Imperial Guardian 3(1,OnceAtEventStart);71:Fortress of Imperial Guardian 3(1,OnceAtEventStart);71:Fortress of Imperial Guardian 3(1,OnceAtEventStart);71:Fortress of Imperial Guardian 3(1,OnceAtEventStart);71:Fortress of Imperial Guardian 3(1,OnceAtEventStart);71:Fortress of Imperial Guardian 3(1,OnceAtEventStart);71:Fortress of Imperial Guardian 3(1,OnceAtEventStart);71:Fortress of Imperial Guardian 3(1,OnceAtEventStart);71:Fortress of Imperial Guardian 3(1,OnceAtEventStart);71:Fortress of Imperial Guardian 3(1,OnceAtEventStart);71:Fortress of Imperial Guardian 3(1,OnceAtEventStart);71:Fortress of Imperial Guardian 3(1,OnceAtEventStart);71:Fortress of Imperial Guardian 3(1,OnceAtEventStart);71:Fortress of Imperial Guardian 3(1,OnceAtEventStart);71:Fortress of Imperial Guardian 3(1,OnceAtEventStart);71:Fortress of Imperial Guardian 3(1,OnceAtEventStart);71:Fortress of Imperial Guardian 3(1,OnceAtEventStart);71:Fortress of Imperial Guardian 3(1,OnceAtEventStart);71:Fortress of Imperial Guardian 3(1,OnceAtEventStart);71:Fortress of Imperial Guardian 3(1,OnceAtEventStart);71:Fortress of Imperial Guardian 3(1,OnceAtEventStart);71:Fortress of Imperial Guardian 3(1,OnceAtEventStart);71:Fortress of Imperial Guardian 3(1,OnceAtEventStart);71:Fortress of Imperial Guardian 3(1,OnceAtEventStart);71:Fortress of Imperial Guardian 3(1,OnceAtEventStart);71:Fortress of Imperial Guardian 3(1,OnceAtEventStart);71:Fortress of Imperial Guardian 3(1,OnceAtEventStart);71:Fortress of Imperial Guardian 3(1,OnceAtEventStart);71:Fortress of Imperial Guardian 3(1,OnceAtEventStart);71:Fortress of Imperial Guardian 3(1,OnceAtEventStart);71:Fortress of Imperial Guardian 3(1,OnceAtEventStart);71:Fortress of Imperial Guardian 3(1,OnceAtEventStart);71:Fortress of Imperial Guardian 3(1,OnceAtEventStart);71:Fortress of Imperial Guardian 3(1,OnceAtEventStart);71:Fortress of Imperial Guardian 3(1,OnceAtEventStart);71:Fortress of Imperial Guardian 3(1,OnceAtEventStart);71:Fortress of Imperial Guardian 3(1,OnceAtEventStart);72:Fortress of Imperial Guardian 4(1,OnceAtEventStart);72:Fortress of Imperial Guardian 4(1,OnceAtEventStart);72:Fortress of Imperial Guardian 4(1,OnceAtEventStart);72:Fortress of Imperial Guardian 4(1,OnceAtEventStart);72:Fortress of Imperial Guardian 4(1,OnceAtEventStart);72:Fortress of Imperial Guardian 4(1,OnceAtEventStart);72:Fortress of Imperial Guardian 4(1,OnceAtEventStart);72:Fortress of Imperial Guardian 4(1,OnceAtEventStart);72:Fortress of Imperial Guardian 4(1,OnceAtEventStart);72:Fortress of Imperial Guardian 4(1,OnceAtEventStart);72:Fortress of Imperial Guardian 4(1,OnceAtEventStart);72:Fortress of Imperial Guardian 4(1,OnceAtEventStart);72:Fortress of Imperial Guardian 4(1,OnceAtEventStart);72:Fortress of Imperial Guardian 4(1,OnceAtEventStart);72:Fortress of Imperial Guardian 4(1,OnceAtEventStart);72:Fortress of Imperial Guardian 4(1,OnceAtEventStart);72:Fortress of Imperial Guardian 4(1,OnceAtEventStart);72:Fortress of Imperial Guardian 4(1,OnceAtEventStart);72:Fortress of Imperial Guardian 4(1,OnceAtEventStart);72:Fortress of Imperial Guardian 4(1,OnceAtEventStart);72:Fortress of Imperial Guardian 4(1,OnceAtEventStart);72:Fortress of Imperial Guardian 4(1,OnceAtEventStart);72:Fortress of Imperial Guardian 4(1,OnceAtEventStart);72:Fortress of Imperial Guardian 4(1,OnceAtEventStart);72:Fortress of Imperial Guardian 4(1,OnceAtEventStart);72:Fortress of Imperial Guardian 4(1,OnceAtEventStart);72:Fortress of Imperial Guardian 4(1,OnceAtEventStart);72:Fortress of Imperial Guardian 4(1,OnceAtEventStart);72:Fortress of Imperial Guardian 4(1,OnceAtEventStart);72:Fortress of Imperial Guardian 4(1,OnceAtEventStart);72:Fortress of Imperial Guardian 4(1,OnceAtEventStart);72:Fortress of Imperial Guardian 4(1,OnceAtEventStart);72:Fortress of Imperial Guardian 4(1,OnceAtEventStart)
524	Evil Gate	Monster	2	988500	15	30	2515	2230	10	69:Fortress of Imperial Guardian 1(1,OnceAtEventStart);69:Fortress of Imperial Guardian 1(1,OnceAtEventStart);69:Fortress of Imperial Guardian 1(1,OnceAtEventStart);69:Fortress of Imperial Guardian 1(1,OnceAtEventStart);70:Fortress of Imperial Guardian 2(1,OnceAtEventStart);70:Fortress of Imperial Guardian 2(1,OnceAtEventStart);70:Fortress of Imperial Guardian 2(1,OnceAtEventStart);70:Fortress of Imperial Guardian 2(1,OnceAtEventStart);71:Fortress of Imperial Guardian 3(1,OnceAtEventStart);71:Fortress of Imperial Guardian 3(1,OnceAtEventStart);71:Fortress of Imperial Guardian 3(1,OnceAtEventStart);71:Fortress of Imperial Guardian 3(1,OnceAtEventStart)
525	Lion Gate	Monster	2	988000	15	30	2615	2230	10	69:Fortress of Imperial Guardian 1(1,OnceAtEventStart);69:Fortress of Imperial Guardian 1(1,OnceAtEventStart);69:Fortress of Imperial Guardian 1(1,OnceAtEventStart);69:Fortress of Imperial Guardian 1(1,OnceAtEventStart);69:Fortress of Imperial Guardian 1(1,OnceAtEventStart);69:Fortress of Imperial Guardian 1(1,OnceAtEventStart);69:Fortress of Imperial Guardian 1(1,OnceAtEventStart);69:Fortress of Imperial Guardian 1(1,OnceAtEventStart);69:Fortress of Imperial Guardian 1(1,OnceAtEventStart);69:Fortress of Imperial Guardian 1(1,OnceAtEventStart);70:Fortress of Imperial Guardian 2(1,OnceAtEventStart);70:Fortress of Imperial Guardian 2(1,OnceAtEventStart);70:Fortress of Imperial Guardian 2(1,OnceAtEventStart);70:Fortress of Imperial Guardian 2(1,OnceAtEventStart);70:Fortress of Imperial Guardian 2(1,OnceAtEventStart);70:Fortress of Imperial Guardian 2(1,OnceAtEventStart);70:Fortress of Imperial Guardian 2(1,OnceAtEventStart);70:Fortress of Imperial Guardian 2(1,OnceAtEventStart);70:Fortress of Imperial Guardian 2(1,OnceAtEventStart);70:Fortress of Imperial Guardian 2(1,OnceAtEventStart);71:Fortress of Imperial Guardian 3(1,OnceAtEventStart);71:Fortress of Imperial Guardian 3(1,OnceAtEventStart);71:Fortress of Imperial Guardian 3(1,OnceAtEventStart);71:Fortress of Imperial Guardian 3(1,OnceAtEventStart);71:Fortress of Imperial Guardian 3(1,OnceAtEventStart);71:Fortress of Imperial Guardian 3(1,OnceAtEventStart);71:Fortress of Imperial Guardian 3(1,OnceAtEventStart);71:Fortress of Imperial Guardian 3(1,OnceAtEventStart);71:Fortress of Imperial Guardian 3(1,OnceAtEventStart);71:Fortress of Imperial Guardian 3(1,OnceAtEventStart)
526	Statue	Monster	2	987500	15	30	2865	2230	10	69:Fortress of Imperial Guardian 1(1,OnceAtEventStart);69:Fortress of Imperial Guardian 1(1,OnceAtEventStart);69:Fortress of Imperial Guardian 1(1,OnceAtEventStart);69:Fortress of Imperial Guardian 1(1,OnceAtEventStart);69:Fortress of Imperial Guardian 1(1,OnceAtEventStart);69:Fortress of Imperial Guardian 1(1,OnceAtEventStart);69:Fortress of Imperial Guardian 1(1,OnceAtEventStart);69:Fortress of Imperial Guardian 1(1,OnceAtEventStart);69:Fortress of Imperial Guardian 1(1,OnceAtEventStart);69:Fortress of Imperial Guardian 1(1,OnceAtEventStart);69:Fortress of Imperial Guardian 1(1,OnceAtEventStart);69:Fortress of Imperial Guardian 1(1,OnceAtEventStart);70:Fortress of Imperial Guardian 2(1,OnceAtEventStart);70:Fortress of Imperial Guardian 2(1,OnceAtEventStart);70:Fortress of Imperial Guardian 2(1,OnceAtEventStart);70:Fortress of Imperial Guardian 2(1,OnceAtEventStart);70:Fortress of Imperial Guardian 2(1,OnceAtEventStart);70:Fortress of Imperial Guardian 2(1,OnceAtEventStart);70:Fortress of Imperial Guardian 2(1,OnceAtEventStart);70:Fortress of Imperial Guardian 2(1,OnceAtEventStart);70:Fortress of Imperial Guardian 2(1,OnceAtEventStart);70:Fortress of Imperial Guardian 2(1,OnceAtEventStart);70:Fortress of Imperial Guardian 2(1,OnceAtEventStart);70:Fortress of Imperial Guardian 2(1,OnceAtEventStart);71:Fortress of Imperial Guardian 3(1,OnceAtEventStart);71:Fortress of Imperial Guardian 3(1,OnceAtEventStart);71:Fortress of Imperial Guardian 3(1,OnceAtEventStart);71:Fortress of Imperial Guardian 3(1,OnceAtEventStart);71:Fortress of Imperial Guardian 3(1,OnceAtEventStart);71:Fortress of Imperial Guardian 3(1,OnceAtEventStart);71:Fortress of Imperial Guardian 3(1,OnceAtEventStart);71:Fortress of Imperial Guardian 3(1,OnceAtEventStart);71:Fortress of Imperial Guardian 3(1,OnceAtEventStart);71:Fortress of Imperial Guardian 3(1,OnceAtEventStart);71:Fortress of Imperial Guardian 3(1,OnceAtEventStart);71:Fortress of Imperial Guardian 3(1,OnceAtEventStart);72:Fortress of Imperial Guardian 4(1,OnceAtEventStart);72:Fortress of Imperial Guardian 4(1,OnceAtEventStart);72:Fortress of Imperial Guardian 4(1,OnceAtEventStart);72:Fortress of Imperial Guardian 4(1,OnceAtEventStart);72:Fortress of Imperial Guardian 4(1,OnceAtEventStart);72:Fortress of Imperial Guardian 4(1,OnceAtEventStart);72:Fortress of Imperial Guardian 4(1,OnceAtEventStart);72:Fortress of Imperial Guardian 4(1,OnceAtEventStart)
527	Star Gate	Monster	2	987500	15	30	2865	2230	10	72:Fortress of Imperial Guardian 4(1,OnceAtEventStart);72:Fortress of Imperial Guardian 4(1,OnceAtEventStart);72:Fortress of Imperial Guardian 4(1,OnceAtEventStart)
528	Rush Gate	Monster	2	994000	15	30	2750	2230	10	72:Fortress of Imperial Guardian 4(1,OnceAtEventStart);72:Fortress of Imperial Guardian 4(1,OnceAtEventStart);72:Fortress of Imperial Guardian 4(1,OnceAtEventStart);72:Fortress of Imperial Guardian 4(1,OnceAtEventStart);72:Fortress of Imperial Guardian 4(1,OnceAtEventStart);72:Fortress of Imperial Guardian 4(1,OnceAtEventStart);72:Fortress of Imperial Guardian 4(1,OnceAtEventStart)
540	Lugard	PassiveNpc	0	0	0	0	0	0	0	2:Devias(1,Automatic);51:Elvenland(1,Automatic)
541	Compensation Box	PassiveNpc	0	0	0	0	0	0	0	-
542	Golden Compensation Box	PassiveNpc	0	0	0	0	0	0	0	-
543	Gens Duprian	PassiveNpc	0	0	0	0	0	0	0	0:Lorencia(1,Automatic)
544	Gens Vanert	PassiveNpc	0	0	0	0	0	0	0	3:Noria(1,Automatic)
545	Christine the General Goods Merchant	PassiveNpc	0	0	0	0	0	0	0	79:LorenMarket(1,Automatic)
546	Jeweler Raul	PassiveNpc	0	0	0	0	0	0	0	79:LorenMarket(1,Automatic)
547	Market Union Member Julia	PassiveNpc	0	0	0	0	0	0	0	0:Lorencia(1,Automatic);79:LorenMarket(1,Automatic)
549	Bloody Orc	Monster	114	117000	675	710	420	820	900	33:Aida(1,Automatic);33:Aida(1,Automatic);33:Aida(1,Automatic);33:Aida(1,Automatic);33:Aida(1,Automatic);33:Aida(1,Automatic);33:Aida(1,Automatic);33:Aida(1,Automatic);33:Aida(1,Automatic);33:Aida(1,Automatic);33:Aida(1,Automatic);33:Aida(1,Automatic);33:Aida(1,Automatic);33:Aida(1,Automatic);33:Aida(1,Automatic);33:Aida(1,Automatic);33:Aida(1,Automatic);33:Aida(1,Automatic);33:Aida(1,Automatic);33:Aida(1,Automatic);33:Aida(1,Automatic);33:Aida(1,Automatic);33:Aida(1,Automatic)
550	Bloody Death Rider	Monster	115	88000	795	830	460	430	1100	33:Aida(1,Automatic);33:Aida(1,Automatic);33:Aida(1,Automatic);33:Aida(1,Automatic);33:Aida(1,Automatic);33:Aida(1,Automatic);33:Aida(1,Automatic);33:Aida(1,Automatic);33:Aida(1,Automatic);33:Aida(1,Automatic);33:Aida(1,Automatic);33:Aida(1,Automatic);33:Aida(1,Automatic);33:Aida(1,Automatic);33:Aida(1,Automatic);33:Aida(1,Automatic);33:Aida(1,Automatic);33:Aida(1,Automatic);33:Aida(1,Automatic);33:Aida(1,Automatic);33:Aida(1,Automatic);33:Aida(1,Automatic);33:Aida(1,Automatic);33:Aida(1,Automatic);33:Aida(1,Automatic)
551	Bloody Golem	Monster	117	129700	715	750	470	960	900	33:Aida(1,Automatic);33:Aida(1,Automatic);33:Aida(1,Automatic);33:Aida(1,Automatic);33:Aida(1,Automatic);33:Aida(1,Automatic);33:Aida(1,Automatic);33:Aida(1,Automatic);33:Aida(1,Automatic);33:Aida(1,Automatic);33:Aida(1,Automatic);33:Aida(1,Automatic);33:Aida(1,Automatic);33:Aida(1,Automatic);33:Aida(1,Automatic);33:Aida(1,Automatic);33:Aida(1,Automatic);33:Aida(1,Automatic);33:Aida(1,Automatic);33:Aida(1,Automatic);33:Aida(1,Automatic);33:Aida(1,Automatic);33:Aida(1,Automatic);33:Aida(1,Automatic);33:Aida(1,Automatic);33:Aida(1,Automatic);33:Aida(1,Automatic);33:Aida(1,Automatic)
552	Bloody Witch Queen	Monster	120	85700	835	870	480	430	1100	33:Aida(1,Automatic);33:Aida(1,Automatic);33:Aida(1,Automatic);33:Aida(1,Automatic);33:Aida(1,Automatic);33:Aida(1,Automatic);33:Aida(1,Automatic);33:Aida(1,Automatic);33:Aida(1,Automatic);33:Aida(1,Automatic);33:Aida(1,Automatic);33:Aida(1,Automatic);33:Aida(1,Automatic);33:Aida(1,Automatic);33:Aida(1,Automatic);33:Aida(1,Automatic);33:Aida(1,Automatic);33:Aida(1,Automatic);33:Aida(1,Automatic)
553	Berserker Warrior	Monster	123	184370	915	990	543	755	1557	37:Kanturu_I(1,Automatic);37:Kanturu_I(1,Automatic);37:Kanturu_I(1,Automatic);37:Kanturu_I(1,Automatic);37:Kanturu_I(1,Automatic);37:Kanturu_I(1,Automatic);37:Kanturu_I(1,Automatic);37:Kanturu_I(1,Automatic);37:Kanturu_I(1,Automatic);37:Kanturu_I(1,Automatic);37:Kanturu_I(1,Automatic);37:Kanturu_I(1,Automatic)
554	Kentauros Warrior	Monster	126	198500	970	1005	570	920	1258	37:Kanturu_I(1,Automatic);37:Kanturu_I(1,Automatic);37:Kanturu_I(1,Automatic);37:Kanturu_I(1,Automatic);37:Kanturu_I(1,Automatic);37:Kanturu_I(1,Automatic);37:Kanturu_I(1,Automatic);37:Kanturu_I(1,Automatic);37:Kanturu_I(1,Automatic);37:Kanturu_I(1,Automatic);37:Kanturu_I(1,Automatic);37:Kanturu_I(1,Automatic);37:Kanturu_I(1,Automatic);37:Kanturu_I(1,Automatic);37:Kanturu_I(1,Automatic);37:Kanturu_I(1,Automatic);37:Kanturu_I(1,Automatic);37:Kanturu_I(1,Automatic)
555	Gigantis Warrior	Monster	128	203000	1046	1181	630	750	1575	37:Kanturu_I(1,Automatic);37:Kanturu_I(1,Automatic);37:Kanturu_I(1,Automatic);37:Kanturu_I(1,Automatic);37:Kanturu_I(1,Automatic);37:Kanturu_I(1,Automatic);37:Kanturu_I(1,Automatic);37:Kanturu_I(1,Automatic);37:Kanturu_I(1,Automatic);37:Kanturu_I(1,Automatic);37:Kanturu_I(1,Automatic);37:Kanturu_I(1,Automatic);37:Kanturu_I(1,Automatic);37:Kanturu_I(1,Automatic);37:Kanturu_I(1,Automatic);37:Kanturu_I(1,Automatic)
556	Genocider Warrior	Monster	129	218500	1240	1375	715	990	1251	37:Kanturu_I(1,Automatic);37:Kanturu_I(1,Automatic);37:Kanturu_I(1,Automatic);37:Kanturu_I(1,Automatic);37:Kanturu_I(1,Automatic);37:Kanturu_I(1,Automatic);37:Kanturu_I(1,Automatic);37:Kanturu_I(1,Automatic);37:Kanturu_I(1,Automatic);37:Kanturu_I(1,Automatic);37:Kanturu_I(1,Automatic);37:Kanturu_I(1,Automatic);37:Kanturu_I(1,Automatic)
557	Sapi Queen	Monster	131	218000	1441	2017	670	875	1847	56:Swamp Of Calmness(1,Automatic);56:Swamp Of Calmness(1,Automatic);56:Swamp Of Calmness(1,Automatic);56:Swamp Of Calmness(1,Automatic);56:Swamp Of Calmness(1,Automatic);56:Swamp Of Calmness(1,Automatic);56:Swamp Of Calmness(1,Automatic);56:Swamp Of Calmness(1,Automatic);56:Swamp Of Calmness(1,Automatic);56:Swamp Of Calmness(1,Automatic);56:Swamp Of Calmness(1,Automatic);56:Swamp Of Calmness(1,Automatic);56:Swamp Of Calmness(1,Automatic);56:Swamp Of Calmness(1,Automatic);56:Swamp Of Calmness(1,Automatic);56:Swamp Of Calmness(1,Automatic);56:Swamp Of Calmness(1,Automatic);56:Swamp Of Calmness(1,Automatic);56:Swamp Of Calmness(1,Automatic);56:Swamp Of Calmness(1,Automatic);56:Swamp Of Calmness(1,Automatic);56:Swamp Of Calmness(1,Automatic);56:Swamp Of Calmness(1,Automatic);56:Swamp Of Calmness(1,Automatic);56:Swamp Of Calmness(1,Automatic);56:Swamp Of Calmness(1,Automatic);56:Swamp Of Calmness(1,Automatic);56:Swamp Of Calmness(1,Automatic);56:Swamp Of Calmness(1,Automatic);56:Swamp Of Calmness(1,Automatic);56:Swamp Of Calmness(1,Automatic);56:Swamp Of Calmness(1,Automatic);56:Swamp Of Calmness(1,Automatic);56:Swamp Of Calmness(1,Automatic);56:Swamp Of Calmness(1,Automatic);56:Swamp Of Calmness(1,Automatic);56:Swamp Of Calmness(1,Automatic);56:Swamp Of Calmness(1,Automatic);56:Swamp Of Calmness(1,Automatic);56:Swamp Of Calmness(1,Automatic);56:Swamp Of Calmness(1,Automatic);56:Swamp Of Calmness(1,Automatic);56:Swamp Of Calmness(1,Automatic);56:Swamp Of Calmness(1,Automatic)
558	Ice Napin	Monster	135	230000	1585	2060	730	903	1544	56:Swamp Of Calmness(1,Automatic);56:Swamp Of Calmness(1,Automatic);56:Swamp Of Calmness(1,Automatic);56:Swamp Of Calmness(1,Automatic);56:Swamp Of Calmness(1,Automatic);56:Swamp Of Calmness(1,Automatic);56:Swamp Of Calmness(1,Automatic);56:Swamp Of Calmness(1,Automatic);56:Swamp Of Calmness(1,Automatic);56:Swamp Of Calmness(1,Automatic);56:Swamp Of Calmness(1,Automatic);56:Swamp Of Calmness(1,Automatic);56:Swamp Of Calmness(1,Automatic);56:Swamp Of Calmness(1,Automatic);56:Swamp Of Calmness(1,Automatic);56:Swamp Of Calmness(1,Automatic);56:Swamp Of Calmness(1,Automatic);56:Swamp Of Calmness(1,Automatic);56:Swamp Of Calmness(1,Automatic);56:Swamp Of Calmness(1,Automatic);56:Swamp Of Calmness(1,Automatic);56:Swamp Of Calmness(1,Automatic);56:Swamp Of Calmness(1,Automatic);56:Swamp Of Calmness(1,Automatic);56:Swamp Of Calmness(1,Automatic);56:Swamp Of Calmness(1,Automatic);56:Swamp Of Calmness(1,Automatic);56:Swamp Of Calmness(1,Automatic);56:Swamp Of Calmness(1,Automatic);56:Swamp Of Calmness(1,Automatic);56:Swamp Of Calmness(1,Automatic);56:Swamp Of Calmness(1,Automatic);56:Swamp Of Calmness(1,Automatic);56:Swamp Of Calmness(1,Automatic);56:Swamp Of Calmness(1,Automatic);56:Swamp Of Calmness(1,Automatic);56:Swamp Of Calmness(1,Automatic);56:Swamp Of Calmness(1,Automatic);56:Swamp Of Calmness(1,Automatic);56:Swamp Of Calmness(1,Automatic);56:Swamp Of Calmness(1,Automatic);56:Swamp Of Calmness(1,Automatic);56:Swamp Of Calmness(1,Automatic);56:Swamp Of Calmness(1,Automatic);56:Swamp Of Calmness(1,Automatic);56:Swamp Of Calmness(1,Automatic)
559	Shadow Master	Monster	137	242000	1743	2092	700	990	1646	56:Swamp Of Calmness(1,Automatic);56:Swamp Of Calmness(1,Automatic);56:Swamp Of Calmness(1,Automatic);56:Swamp Of Calmness(1,Automatic);56:Swamp Of Calmness(1,Automatic);56:Swamp Of Calmness(1,Automatic);56:Swamp Of Calmness(1,Automatic);56:Swamp Of Calmness(1,Automatic);56:Swamp Of Calmness(1,Automatic);56:Swamp Of Calmness(1,Automatic);56:Swamp Of Calmness(1,Automatic);56:Swamp Of Calmness(1,Automatic);56:Swamp Of Calmness(1,Automatic);56:Swamp Of Calmness(1,Automatic);56:Swamp Of Calmness(1,Automatic);56:Swamp Of Calmness(1,Automatic);56:Swamp Of Calmness(1,Automatic);56:Swamp Of Calmness(1,Automatic);56:Swamp Of Calmness(1,Automatic);56:Swamp Of Calmness(1,Automatic);56:Swamp Of Calmness(1,Automatic);56:Swamp Of Calmness(1,Automatic);56:Swamp Of Calmness(1,Automatic);56:Swamp Of Calmness(1,Automatic);56:Swamp Of Calmness(1,Automatic);56:Swamp Of Calmness(1,Automatic);56:Swamp Of Calmness(1,Automatic);56:Swamp Of Calmness(1,Automatic);56:Swamp Of Calmness(1,Automatic);56:Swamp Of Calmness(1,Automatic);56:Swamp Of Calmness(1,Automatic);56:Swamp Of Calmness(1,Automatic);56:Swamp Of Calmness(1,Automatic);56:Swamp Of Calmness(1,Automatic);56:Swamp Of Calmness(1,Automatic);56:Swamp Of Calmness(1,Automatic)
562	Dark Mammoth	Monster	140	237000	1741	2317	785	1440	2240	57:LaCleon(1,Automatic);57:LaCleon(1,Automatic);57:LaCleon(1,Automatic);57:LaCleon(1,Automatic);57:LaCleon(1,Automatic);57:LaCleon(1,Automatic)
563	Dark Giant	Monster	143	254000	1885	2360	820	970	2647	57:LaCleon(1,Automatic);57:LaCleon(1,Automatic);57:LaCleon(1,Automatic);57:LaCleon(1,Automatic);57:LaCleon(1,Automatic);57:LaCleon(1,Automatic);57:LaCleon(1,Automatic);57:LaCleon(1,Automatic);57:LaCleon(1,Automatic);57:LaCleon(1,Automatic);57:LaCleon(1,Automatic);57:LaCleon(1,Automatic);57:LaCleon(1,Automatic);57:LaCleon(1,Automatic);57:LaCleon(1,Automatic);57:LaCleon(1,Automatic);57:LaCleon(1,Automatic);57:LaCleon(1,Automatic);57:LaCleon(1,Automatic);57:LaCleon(1,Automatic);57:LaCleon(1,Automatic);57:LaCleon(1,Automatic);57:LaCleon(1,Automatic);57:LaCleon(1,Automatic)
564	Dark Coolutin	Monster	145	248000	2043	2392	850	1440	2142	57:LaCleon(1,Automatic);57:LaCleon(1,Automatic);57:LaCleon(1,Automatic);57:LaCleon(1,Automatic);57:LaCleon(1,Automatic);57:LaCleon(1,Automatic);57:LaCleon(1,Automatic);57:LaCleon(1,Automatic);57:LaCleon(1,Automatic);57:LaCleon(1,Automatic);57:LaCleon(1,Automatic);57:LaCleon(1,Automatic);57:LaCleon(1,Automatic);57:LaCleon(1,Automatic);57:LaCleon(1,Automatic)
565	Dark Iron Knight	Monster	148	265000	2217	2601	860	1430	2441	57:LaCleon(1,Automatic);57:LaCleon(1,Automatic);57:LaCleon(1,Automatic);57:LaCleon(1,Automatic);57:LaCleon(1,Automatic);57:LaCleon(1,Automatic);57:LaCleon(1,Automatic);57:LaCleon(1,Automatic);57:LaCleon(1,Automatic);57:LaCleon(1,Automatic);57:LaCleon(1,Automatic);57:LaCleon(1,Automatic);57:LaCleon(1,Automatic);57:LaCleon(1,Automatic);57:LaCleon(1,Automatic);57:LaCleon(1,Automatic)
566	Mercenary Guild Felicia	PassiveNpc	0	0	0	0	0	0	0	2:Devias(1,Automatic)
568	Wandering Merchant Zyro	PassiveNpc	0	0	0	0	0	0	0	0:Lorencia(1,Wandering);2:Devias(1,Wandering);51:Elvenland(1,Wandering)
569	Venomous Chain Scorpion	Monster	99	50000	555	590	445	248	845	80:Karutan 1(1,Automatic);80:Karutan 1(1,Automatic);80:Karutan 1(1,Automatic);80:Karutan 1(1,Automatic);80:Karutan 1(1,Automatic);80:Karutan 1(1,Automatic);80:Karutan 1(1,Automatic);80:Karutan 1(1,Automatic);80:Karutan 1(1,Automatic);80:Karutan 1(1,Automatic);80:Karutan 1(1,Automatic);80:Karutan 1(1,Automatic);80:Karutan 1(1,Automatic);80:Karutan 1(1,Automatic);80:Karutan 1(1,Automatic);80:Karutan 1(1,Automatic);80:Karutan 1(1,Automatic);80:Karutan 1(1,Automatic);80:Karutan 1(1,Automatic);80:Karutan 1(1,Automatic);80:Karutan 1(1,Automatic);80:Karutan 1(1,Automatic);80:Karutan 1(1,Automatic);80:Karutan 1(1,Automatic);80:Karutan 1(1,Automatic);80:Karutan 1(1,Automatic);80:Karutan 1(1,Automatic);80:Karutan 1(1,Automatic);80:Karutan 1(1,Automatic);80:Karutan 1(1,Automatic);80:Karutan 1(1,Automatic);80:Karutan 1(1,Automatic);80:Karutan 1(1,Automatic);80:Karutan 1(1,Automatic);80:Karutan 1(1,Automatic)
570	Bone Scorpion	Monster	103	60000	595	635	283	363	915	80:Karutan 1(1,Automatic);80:Karutan 1(1,Automatic);80:Karutan 1(1,Automatic);80:Karutan 1(1,Automatic);80:Karutan 1(1,Automatic);80:Karutan 1(1,Automatic);80:Karutan 1(1,Automatic);80:Karutan 1(1,Automatic);80:Karutan 1(1,Automatic);80:Karutan 1(1,Automatic);80:Karutan 1(1,Automatic);80:Karutan 1(1,Automatic);80:Karutan 1(1,Automatic);80:Karutan 1(1,Automatic);80:Karutan 1(1,Automatic);80:Karutan 1(1,Automatic);80:Karutan 1(1,Automatic);80:Karutan 1(1,Automatic);80:Karutan 1(1,Automatic);80:Karutan 1(1,Automatic);80:Karutan 1(1,Automatic);80:Karutan 1(1,Automatic);80:Karutan 1(1,Automatic);80:Karutan 1(1,Automatic);80:Karutan 1(1,Automatic);80:Karutan 1(1,Automatic);80:Karutan 1(1,Automatic);80:Karutan 1(1,Automatic);80:Karutan 1(1,Automatic);80:Karutan 1(1,Automatic);80:Karutan 1(1,Automatic);80:Karutan 1(1,Automatic);80:Karutan 1(1,Automatic);80:Karutan 1(1,Automatic);80:Karutan 1(1,Automatic);80:Karutan 1(1,Automatic);80:Karutan 1(1,Automatic);80:Karutan 1(1,Automatic);80:Karutan 1(1,Automatic);80:Karutan 1(1,Automatic);80:Karutan 1(1,Automatic);80:Karutan 1(1,Automatic);80:Karutan 1(1,Automatic);80:Karutan 1(1,Automatic);80:Karutan 1(1,Automatic);80:Karutan 1(1,Automatic);80:Karutan 1(1,Automatic)
571	Orcus	Monster	105	65000	618	655	518	293	965	80:Karutan 1(1,Automatic);80:Karutan 1(1,Automatic);80:Karutan 1(1,Automatic);80:Karutan 1(1,Automatic);80:Karutan 1(1,Automatic);80:Karutan 1(1,Automatic);80:Karutan 1(1,Automatic);80:Karutan 1(1,Automatic);80:Karutan 1(1,Automatic);80:Karutan 1(1,Automatic);81:Karutan 2(1,Automatic);81:Karutan 2(1,Automatic);81:Karutan 2(1,Automatic);81:Karutan 2(1,Automatic);81:Karutan 2(1,Automatic);81:Karutan 2(1,Automatic);81:Karutan 2(1,Automatic);81:Karutan 2(1,Automatic);81:Karutan 2(1,Automatic);81:Karutan 2(1,Automatic);81:Karutan 2(1,Automatic);81:Karutan 2(1,Automatic);81:Karutan 2(1,Automatic);81:Karutan 2(1,Automatic);81:Karutan 2(1,Automatic);81:Karutan 2(1,Automatic);81:Karutan 2(1,Automatic);81:Karutan 2(1,Automatic);81:Karutan 2(1,Automatic);81:Karutan 2(1,Automatic);81:Karutan 2(1,Automatic);81:Karutan 2(1,Automatic)
572	Gollock	Monster	108	72000	685	735	545	315	1020	81:Karutan 2(1,Automatic);81:Karutan 2(1,Automatic);81:Karutan 2(1,Automatic);81:Karutan 2(1,Automatic);81:Karutan 2(1,Automatic);81:Karutan 2(1,Automatic);81:Karutan 2(1,Automatic);81:Karutan 2(1,Automatic);81:Karutan 2(1,Automatic);81:Karutan 2(1,Automatic);81:Karutan 2(1,Automatic);81:Karutan 2(1,Automatic);81:Karutan 2(1,Automatic);81:Karutan 2(1,Automatic);81:Karutan 2(1,Automatic)
573	Crypta	Monster	111	78000	705	755	560	340	1080	80:Karutan 1(1,Automatic);80:Karutan 1(1,Automatic);80:Karutan 1(1,Automatic);80:Karutan 1(1,Automatic);80:Karutan 1(1,Automatic);80:Karutan 1(1,Automatic);80:Karutan 1(1,Automatic);80:Karutan 1(1,Automatic);80:Karutan 1(1,Automatic);80:Karutan 1(1,Automatic);80:Karutan 1(1,Automatic);80:Karutan 1(1,Automatic);80:Karutan 1(1,Automatic);80:Karutan 1(1,Automatic);80:Karutan 1(1,Automatic);80:Karutan 1(1,Automatic);80:Karutan 1(1,Automatic);80:Karutan 1(1,Automatic)
574	Crypos	Monster	114	83000	720	770	575	375	11400	80:Karutan 1(1,Automatic);80:Karutan 1(1,Automatic);80:Karutan 1(1,Automatic);80:Karutan 1(1,Automatic);80:Karutan 1(1,Automatic);80:Karutan 1(1,Automatic);80:Karutan 1(1,Automatic);80:Karutan 1(1,Automatic);80:Karutan 1(1,Automatic);80:Karutan 1(1,Automatic);80:Karutan 1(1,Automatic);80:Karutan 1(1,Automatic);80:Karutan 1(1,Automatic)
575	Condra	Monster	117	90000	735	790	610	406	1200	81:Karutan 2(1,Automatic);81:Karutan 2(1,Automatic);81:Karutan 2(1,Automatic);81:Karutan 2(1,Automatic);81:Karutan 2(1,Automatic);81:Karutan 2(1,Automatic);81:Karutan 2(1,Automatic);81:Karutan 2(1,Automatic);81:Karutan 2(1,Automatic);81:Karutan 2(1,Automatic);81:Karutan 2(1,Automatic);81:Karutan 2(1,Automatic);81:Karutan 2(1,Automatic);81:Karutan 2(1,Automatic);81:Karutan 2(1,Automatic);81:Karutan 2(1,Automatic);81:Karutan 2(1,Automatic);81:Karutan 2(1,Automatic);81:Karutan 2(1,Automatic);81:Karutan 2(1,Automatic);81:Karutan 2(1,Automatic);81:Karutan 2(1,Automatic);81:Karutan 2(1,Automatic);81:Karutan 2(1,Automatic);81:Karutan 2(1,Automatic);81:Karutan 2(1,Automatic);81:Karutan 2(1,Automatic);81:Karutan 2(1,Automatic);81:Karutan 2(1,Automatic);81:Karutan 2(1,Automatic);81:Karutan 2(1,Automatic);81:Karutan 2(1,Automatic);81:Karutan 2(1,Automatic);81:Karutan 2(1,Automatic);81:Karutan 2(1,Automatic);81:Karutan 2(1,Automatic);81:Karutan 2(1,Automatic);81:Karutan 2(1,Automatic);81:Karutan 2(1,Automatic);81:Karutan 2(1,Automatic);81:Karutan 2(1,Automatic);81:Karutan 2(1,Automatic);81:Karutan 2(1,Automatic);81:Karutan 2(1,Automatic);81:Karutan 2(1,Automatic);81:Karutan 2(1,Automatic);81:Karutan 2(1,Automatic);81:Karutan 2(1,Automatic);81:Karutan 2(1,Automatic);81:Karutan 2(1,Automatic);81:Karutan 2(1,Automatic);81:Karutan 2(1,Automatic);81:Karutan 2(1,Automatic);81:Karutan 2(1,Automatic);81:Karutan 2(1,Automatic);81:Karutan 2(1,Automatic);81:Karutan 2(1,Automatic);81:Karutan 2(1,Automatic);81:Karutan 2(1,Automatic);81:Karutan 2(1,Automatic);81:Karutan 2(1,Automatic);81:Karutan 2(1,Automatic)
576	Narcondra	Monster	120	96000	750	815	640	425	1265	81:Karutan 2(1,Automatic);81:Karutan 2(1,Automatic);81:Karutan 2(1,Automatic);81:Karutan 2(1,Automatic);81:Karutan 2(1,Automatic);81:Karutan 2(1,Automatic);81:Karutan 2(1,Automatic);81:Karutan 2(1,Automatic);81:Karutan 2(1,Automatic);81:Karutan 2(1,Automatic);81:Karutan 2(1,Automatic);81:Karutan 2(1,Automatic);81:Karutan 2(1,Automatic);81:Karutan 2(1,Automatic);81:Karutan 2(1,Automatic);81:Karutan 2(1,Automatic);81:Karutan 2(1,Automatic);81:Karutan 2(1,Automatic);81:Karutan 2(1,Automatic);81:Karutan 2(1,Automatic);81:Karutan 2(1,Automatic);81:Karutan 2(1,Automatic);81:Karutan 2(1,Automatic);81:Karutan 2(1,Automatic);81:Karutan 2(1,Automatic);81:Karutan 2(1,Automatic);81:Karutan 2(1,Automatic);81:Karutan 2(1,Automatic);81:Karutan 2(1,Automatic);81:Karutan 2(1,Automatic);81:Karutan 2(1,Automatic);81:Karutan 2(1,Automatic);81:Karutan 2(1,Automatic);81:Karutan 2(1,Automatic)
577	Leina the General Goods Merchant	PassiveNpc	0	0	0	0	0	0	0	80:Karutan 1(1,Automatic)
578	Weapons Merchant Bolo	PassiveNpc	0	0	0	0	0	0	0	80:Karutan 1(1,Automatic)
579	David	PassiveNpc	0	0	0	0	0	0	0	51:Elvenland(1,Automatic)
658	Cursed Statue	Statue	0	0	0	0	0	0	0	45:Illusion Temple 1(1,AutomaticDuringEvent);46:Illusion Temple 2(1,AutomaticDuringEvent);47:Illusion Temple 3(1,AutomaticDuringEvent);48:Illusion Temple 4(1,AutomaticDuringEvent);49:Illusion Temple 5(1,AutomaticDuringEvent);50:Illusion Temple 6(1,AutomaticDuringEvent)
659	Captured Stone Statue (1)	Statue	0	0	0	0	0	0	0	45:Illusion Temple 1(1,AutomaticDuringEvent);46:Illusion Temple 2(1,AutomaticDuringEvent);47:Illusion Temple 3(1,AutomaticDuringEvent);48:Illusion Temple 4(1,AutomaticDuringEvent);49:Illusion Temple 5(1,AutomaticDuringEvent);50:Illusion Temple 6(1,AutomaticDuringEvent)
660	Captured Stone Statue (2)	Statue	0	0	0	0	0	0	0	45:Illusion Temple 1(1,AutomaticDuringEvent);46:Illusion Temple 2(1,AutomaticDuringEvent);47:Illusion Temple 3(1,AutomaticDuringEvent);48:Illusion Temple 4(1,AutomaticDuringEvent);49:Illusion Temple 5(1,AutomaticDuringEvent);50:Illusion Temple 6(1,AutomaticDuringEvent)
661	Captured Stone Statue (3)	Statue	0	0	0	0	0	0	0	45:Illusion Temple 1(1,AutomaticDuringEvent);46:Illusion Temple 2(1,AutomaticDuringEvent);47:Illusion Temple 3(1,AutomaticDuringEvent);48:Illusion Temple 4(1,AutomaticDuringEvent);49:Illusion Temple 5(1,AutomaticDuringEvent);50:Illusion Temple 6(1,AutomaticDuringEvent)
662	Captured Stone Statue (4)	Statue	0	0	0	0	0	0	0	45:Illusion Temple 1(1,AutomaticDuringEvent);46:Illusion Temple 2(1,AutomaticDuringEvent);47:Illusion Temple 3(1,AutomaticDuringEvent);48:Illusion Temple 4(1,AutomaticDuringEvent);49:Illusion Temple 5(1,AutomaticDuringEvent);50:Illusion Temple 6(1,AutomaticDuringEvent)
663	Captured Stone Statue (5)	Statue	0	0	0	0	0	0	0	45:Illusion Temple 1(1,AutomaticDuringEvent);46:Illusion Temple 2(1,AutomaticDuringEvent);47:Illusion Temple 3(1,AutomaticDuringEvent);48:Illusion Temple 4(1,AutomaticDuringEvent);49:Illusion Temple 5(1,AutomaticDuringEvent);50:Illusion Temple 6(1,AutomaticDuringEvent)
664	Captured Stone Statue (6)	Statue	0	0	0	0	0	0	0	45:Illusion Temple 1(1,AutomaticDuringEvent);46:Illusion Temple 2(1,AutomaticDuringEvent);47:Illusion Temple 3(1,AutomaticDuringEvent);48:Illusion Temple 4(1,AutomaticDuringEvent);49:Illusion Temple 5(1,AutomaticDuringEvent);50:Illusion Temple 6(1,AutomaticDuringEvent)
665	Captured Stone Statue (7)	Statue	0	0	0	0	0	0	0	45:Illusion Temple 1(1,AutomaticDuringEvent);46:Illusion Temple 2(1,AutomaticDuringEvent);47:Illusion Temple 3(1,AutomaticDuringEvent);48:Illusion Temple 4(1,AutomaticDuringEvent);49:Illusion Temple 5(1,AutomaticDuringEvent);50:Illusion Temple 6(1,AutomaticDuringEvent)
666	Captured Stone Statue (8)	Statue	0	0	0	0	0	0	0	45:Illusion Temple 1(1,AutomaticDuringEvent);46:Illusion Temple 2(1,AutomaticDuringEvent);47:Illusion Temple 3(1,AutomaticDuringEvent);48:Illusion Temple 4(1,AutomaticDuringEvent);49:Illusion Temple 5(1,AutomaticDuringEvent);50:Illusion Temple 6(1,AutomaticDuringEvent)
667	Captured Stone Statue (9)	Statue	0	0	0	0	0	0	0	45:Illusion Temple 1(1,AutomaticDuringEvent);46:Illusion Temple 2(1,AutomaticDuringEvent);47:Illusion Temple 3(1,AutomaticDuringEvent);48:Illusion Temple 4(1,AutomaticDuringEvent);49:Illusion Temple 5(1,AutomaticDuringEvent);50:Illusion Temple 6(1,AutomaticDuringEvent)
668	Captured Stone Statue (10)	Statue	0	0	0	0	0	0	0	45:Illusion Temple 1(1,AutomaticDuringEvent);46:Illusion Temple 2(1,AutomaticDuringEvent);47:Illusion Temple 3(1,AutomaticDuringEvent);48:Illusion Temple 4(1,AutomaticDuringEvent);49:Illusion Temple 5(1,AutomaticDuringEvent);50:Illusion Temple 6(1,AutomaticDuringEvent)
